Handle,Body (HTML)
incia-natural-easy-combing-spray,"<p>The INCIA 100% Natural Easy Combing Spray is made to turn after-bath detangling into a calm, tear-free moment for you and your little one. This 100% natural leave-in spray glides through knots and tangles, even in fine, wavy or curly hair, so brushing feels gentle instead of a struggle. It is free from petrochemicals, silicones, artificial colours and alcohol, with a light, naturally fruity and floral scent.</p>
<p>At its heart is PCA Ethyl Cocoyl Arginate, a mild conditioning active derived from coconut oil and natural amino acids. It sinks into the hair to soften and hydrate from within, leaving strands silky and easy to comb. There is no need to rinse: the formula is designed to stay in the hair for a lasting, smoothing effect, and the bottle is 100% recyclable.</p>

<h3>Key benefits</h3>
<ul>
  <li>Detangles knots effortlessly, for happier brushing time</li>
  <li>No-rinse leave-in formula, spray on wet or dry hair and comb through</li>
  <li>PCA Ethyl Cocoyl Arginate from coconut oil conditions and hydrates</li>
  <li>Tames flyaways and adds a natural shine without weighing hair down</li>
  <li>Free from petrochemicals, silicones, artificial colours and alcohol</li>
  <li>Suitable for all hair types, including fine hair and sensitive scalps</li>
  <li>100% recyclable packaging, kinder to soil and water</li>
</ul>

<h3>How to use</h3>
<p>Shake well before use. Spray evenly over wet or dry hair, whichever you prefer, then gently comb through. There is no need to rinse: it is made to stay in the hair for a lasting effect. For a little extra care, follow with a natural baby oil as a finishing touch.</p>

<h3>Ingredients</h3>
<p>Full ingredients: Aqua, Butylene Glycol, Glycerin, PCA Ethyl Cocoyl Arginate, Triethyl Citrate, Cinnamomum Zeylanicum Bark Extract, Caprylyl Glycol, Parfum, Linalool, Limonene.</p>
<ul>
  <li><strong>PCA Ethyl Cocoyl Arginate:</strong> a gentle coconut-derived conditioning active that softens hair and helps loosen tangles without weighing it down.</li>
  <li><strong>Glycerin:</strong> a natural humectant that draws moisture into the hair shaft, making strands suppler and easier to comb.</li>
  <li><strong>Cinnamon bark extract:</strong> brings antioxidant qualities to the blend and a warm, natural note.</li>
</ul>

<h3>Frequently asked questions</h3>
<p><strong>Can I use it on both wet and dry hair?</strong><br>Yes. Spray it onto wet or dry hair and comb through gently. No rinsing needed: the spray is designed to stay in the hair for a lasting, smoothing effect.</p>
<p><strong>Does it work on curly or thick hair?</strong><br>Yes. It suits all hair types, including fine, wavy and curly hair. The coconut amino acid complex bonds to the hair and eases out tangles without making it feel heavy.</p>
<p><strong>Is it safe for children and sensitive scalps?</strong><br>Yes. The ingredients are pure and carefully chosen with children and the environment in mind. It is free from alcohol, silicones and synthetic actives, and made with young scalps in mind. If your child has a scalp condition, check with your GP or pharmacist first.</p>
<p><strong>Is it really 100% natural?</strong><br>Yes. Every ingredient is naturally derived, with no petrochemicals, silicones or artificial colours, and the packaging is fully recyclable.</p>

<p>Part of our <a href=""/collections/mom-baby-care"">natural mum and baby care range</a>, and our <a href=""/collections/personal-care-1"">natural personal care collection</a>. For more gentle everyday tips, read our <a href=""/blogs/news/natural-baby-pregnancy-skincare-a-uk-parents-guide"">guide to natural baby and pregnancy skincare</a>.</p>"
incia-cream-for-dry-skin-and-eczema,"<p>The INCIA Nourishing and Hydrating Gel is made for dry, sensitive skin, including delicate baby skin, that needs a little extra care. It is hypoallergenic, dermatologically tested and packed with natural oils, with a rich, oily texture that intensely feeds moisture-hungry skin. Made from 100% natural ingredients, it is a comforting choice for skin that feels dry, tight or easily irritated.</p>
<p>Dry, eczema-prone skin often feels itchy, rough and flaky, and that can be especially uncomfortable for babies. Keeping skin well hydrated helps it feel calmer and more comfortable. This gel is rich in beeswax, shea butter and natural plant oils known for their moisturising and protective qualities, hydrating the skin without clogging pores. For any persistent or severe skin concern, always check with your GP or pharmacist.</p>

<h3>Key benefits</h3>
<ul>
  <li>Comforts and helps calm dry, easily irritated skin</li>
  <li>Hypoallergenic and dermatologically tested</li>
  <li>Very well suited to dry and sensitive skin</li>
  <li>Helps soothe the look of redness and the feel of itchiness</li>
  <li>Rich in beeswax, shea butter and nourishing plant oils</li>
  <li>Made from 100% natural ingredients</li>
  <li>Gentle enough for babies and adults alike</li>
</ul>

<h3>How to use</h3>
<p>Suitable for both babies and adults, the gel absorbs quickly. Apply it two to three times a day to dry or irritated areas; even a thin layer helps hydrate moisture-poor skin. Make sure skin is clean first, and remember the texture is quite oily. For ongoing or severe skin concerns, speak to your GP or pharmacist.</p>

<h3>Ingredients</h3>
<p>Full ingredients: Olea Europaea (Olive) Fruit Oil, Cera Alba, Soybean Glycerides, Butyrospermum Parkii (Shea) Butter, Hypericum Perforatum Extract, Hippophae Rhamnoides Fruit Oil, Oenothera Biennis (Evening Primrose) Oil, Borago Officinalis Seed Oil, Asiaticoside, Madecassic Acid, Asiatic Acid, Tocopherol. (Asiaticoside, Madecassic Acid and Asiatic Acid are derived from Centella Asiatica extract.)</p>
<ul>
  <li><strong>Beeswax:</strong> hydrating and comforting, it forms a light protective layer on the skin and brings beneficial acids and vitamin A.</li>
  <li><strong>Shea butter:</strong> rich in vitamins A and E, deeply nourishing and helps skin feel renewed and supple.</li>
  <li><strong>Centella asiatica actives (asiatic acid):</strong> long used in traditional plant care, valued for helping skin feel supported and comforted.</li>
</ul>

<h3>Frequently asked questions</h3>
<p><strong>Is it suitable for daily use on dry or sensitive skin?</strong><br>Yes. The gel is hypoallergenic, dermatologically tested and suitable for babies and adults with dry or sensitive skin. We recommend continued use to keep skin nourished and hydrated. Apply two to three times a day to dry or irritated areas.</p>
<p><strong>Can I use it on my face as well as my body?</strong><br>Yes. It can be used on the face too. Just make sure your face is clean, then apply a thin layer to dry or irritated areas. Do keep in mind that the texture is quite oily.</p>
<p><strong>Can it help dry, red or itchy skin?</strong><br>It is made to comfort dry skin and soothe the feel of itchiness and the look of redness. Hydrating dry, irritated skin well can help it feel calmer, thanks to comforting beeswax, nourishing shea butter and Centella asiatica actives. For persistent or severe skin concerns, always check with your GP, pharmacist or dermatologist.</p>
<p><strong>Is it suitable to use during pregnancy?</strong><br>The gel is made from 100% natural ingredients with no synthetic additives. Even so, during pregnancy we always recommend checking with your GP or midwife before trying a new product, natural or otherwise, as they can advise what is right for you.</p>

<p>Part of our <a href=""/collections/mom-baby-care"">natural mum and baby care range</a>, alongside our <a href=""/collections/personal-care-1"">natural personal care collection</a>. For gentle everyday guidance, read our <a href=""/blogs/news/natural-baby-pregnancy-skincare-a-uk-parents-guide"">guide to natural baby and pregnancy skincare</a>.</p>"
incia-cream-for-dry-skin,"<p>The INCIA Moisturising Cream is a rich, nourishing cream made for dry, chapped and dehydrated skin. Blending lavender oil with shea butter and other natural plant oils, it comforts skin that feels tight, rough or flaky and helps it feel calmer and better looked after. It is 100% natural and dermatologically tested, with no parabens, paraffin, silicones or alcohol.</p>
<p>Because it skips paraffin and alcohol, this cream supports the skin's natural flora and barrier rather than smothering or drying it out. Shea butter sinks in deeply to nourish and soften, while carefully chosen oils help skin hold onto moisture. It is a lovely choice for hands, elbows, heels, knees and face, and a comforting everyday cream through cold, dry British winters.</p>

<h3>Key benefits</h3>
<ul>
  <li>Intensively nourishes and comforts very dry, chapped skin</li>
  <li>Free from paraffin and alcohol, so it will not suffocate or dry out skin</li>
  <li>Supports the skin's natural flora and barrier function</li>
  <li>Rich in shea butter, olive and avocado oils for deep hydration</li>
  <li>Suitable for dry areas: hands, elbows, heels, knees and face</li>
  <li>Free from parabens, mineral oils, synthetic fragrances and silicones</li>
  <li>Dermatologically tested and suitable for adults, children and sensitive skin</li>
</ul>

<h3>How to use</h3>
<p>This is a rich, quite oily cream, so a little goes a long way. Take a pea-sized amount and gently massage it into dry or rough areas until it is absorbed. Use it daily, or several times a day on very dry patches, after showering or before heading out into cold air. For a persistent skin concern, check with your GP or pharmacist.</p>

<h3>Ingredients</h3>
<p>Full ingredients: Aqua, Coco-Caprylate/Caprate, Polyglyceryl-3 Polyricinoleate, Glycerin, Lavandula Angustifolia Oil, Olea Europaea (Olive) Fruit Oil, Cocos Nucifera (Coconut) Oil, Butyrospermum Parkii (Shea) Butter, Persea Gratissima (Avocado) Oil, Cinnamomum Cassia Extract, Triethyl Citrate, Glyceryl Caprylate, Magnesium Sulfate, Tocopherol.</p>
<ul>
  <li><strong>Lavender oil:</strong> long valued for its calming feel on stressed skin, it helps soothe the look of redness and comfort irritated patches.</li>
  <li><strong>Shea butter:</strong> a rich, natural butter that sinks in deeply to nourish, helping to strengthen the skin barrier and lock in moisture.</li>
  <li><strong>Coconut oil:</strong> forms a light protective layer and brings natural fatty acids that soften skin and guard against dryness.</li>
</ul>

<h3>Frequently asked questions</h3>
<p><strong>Can I use it on babies and children?</strong><br>Yes. This cream is free from fragrance and synthetic ingredients, so it suits delicate young skin. Apply a thin layer and massage in gently: it absorbs quickly and feels soft. If in doubt, check with your GP or pharmacist first.</p>
<p><strong>Is it suitable for the face?</strong><br>Yes. It can be used on both face and body. The texture is rich and nourishing, which makes it especially comforting for dry or sensitive facial skin. If your skin is on the oilier side, use only a small amount.</p>
<p><strong>How often can I use it?</strong><br>You can use it daily, and even several times a day on very dry areas. The rich formula absorbs well and keeps skin feeling nourished. For stubborn dryness, applying it consistently works best.</p>
<p><strong>Can it help with flaky, dry winter skin?</strong><br>Yes. It is made to soften rough, chapped or flaky-feeling skin, and its natural oils help skin feel more comfortable while protecting against cold, dry air. For an ongoing skin concern, speak to your GP or pharmacist.</p>

<p>For more of our natural skincare, explore our <a href=""/collections/personal-care-1"">natural personal care collection</a>. If you are shopping for little ones, see our <a href=""/collections/mom-baby-care"">mum and baby care range</a>.</p>"
incia-eyelash-serum-for-eyelashes-and-eyebrows,"<p>The INCIA Eyelash Serum for Lashes and Brows is a 100% natural conditioning serum for fuller-looking lashes and beautifully groomed brows. Blending cold-pressed plant oils rich in fatty acids, vitamins and minerals, it nourishes lashes and brows and helps them look their healthiest. Because the oils are cold-pressed, their goodness is captured in optimal condition.</p>
<p>The star ingredient is castor oil, often called wonder oil, which is prized for its ability to hold onto moisture and condition and soften lash and brow hairs. Alongside it you will find sesame, sweet almond, argan and apricot kernel oils, all rich in antioxidants that help protect hairs against everyday environmental stress. The serum absorbs quickly and helps strengthen the look of lashes and brows against breakage, which also makes it a lovely base before shaping your brows.</p>

<h3>Key benefits</h3>
<ul>
  <li>Conditions lashes and brows for a fuller, healthier look</li>
  <li>Works as both a lash serum and a natural brow serum</li>
  <li>100% natural, made with cold-pressed plant oils</li>
  <li>Castor oil for intensive moisture and softness</li>
  <li>Argan, sesame, apricot kernel and sweet almond oils nourish the hairs</li>
  <li>Helps guard against the look of lash and brow breakage</li>
  <li>Cruelty-free and vegan</li>
</ul>

<h3>How to use</h3>
<p>Before bed, apply one drop of the serum with the pipette to your lashes and brows, then massage in gently with your fingertips. Many people notice a difference within one to three weeks of regular use. Please note: if you are pregnant or breastfeeding, take extra care on first use, as hormonal changes can sometimes make skin react unexpectedly, and check with your GP or midwife first.</p>

<h3>Ingredients</h3>
<p>Full ingredients: Ricinus Communis (Castor) Seed Oil, Argania Spinosa Kernel Oil, Sesamum Indicum (Sesame) Seed Oil, Prunus Armeniaca (Apricot) Kernel Oil, Prunus Amygdalus Dulcis (Sweet Almond) Oil, Tocopherol.</p>
<ul>
  <li><strong>Castor oil:</strong> conditions and softens lash and brow hairs and helps them hold onto moisture, for a fuller, healthier look.</li>
  <li><strong>Argan oil:</strong> rich in vitamin E and antioxidants that help protect hairs from everyday damage and support their condition.</li>
  <li><strong>Apricot kernel oil:</strong> hydrates the hairs and is rich in fatty acids and vitamins, adding shine and suppleness so hairs are less prone to breakage.</li>
</ul>

<h3>Frequently asked questions</h3>
<p><strong>Is the serum suitable for sensitive eyes?</strong><br>The serum is made purely from 100% natural plant oils and vitamin E, with no synthetic additives or fragrance. If your eyes are sensitive, apply carefully so the serum does not go directly into the eye. If in doubt, do a patch test first.</p>
<p><strong>How often should I apply it to see a difference?</strong><br>Apply the serum every evening before bed. With regular use, many people notice the first results within one to three weeks.</p>
<p><strong>Is it safe to use during pregnancy or breastfeeding?</strong><br>The product is 100% natural. Even so, we recommend taking care on first use, as hormonal changes during pregnancy can sometimes cause unexpected reactions. We always suggest discussing it with your GP or midwife first.</p>
<p><strong>Can I use it on my brows as well as my lashes?</strong><br>Yes. It doubles as a brow serum and makes a lovely conditioning base before shaping and grooming your brows.</p>

<p>Discover more in our <a href=""/collections/personal-care-1"">natural personal care collection</a>. If you are expecting, you may also enjoy our <a href=""/blogs/news/natural-baby-pregnancy-skincare-a-uk-parents-guide"">guide to natural baby and pregnancy skincare</a>.</p>"
incia-feminine-intimate-wash-foam-200ml,"<p>The INCIA Feminine Intimate Wash Foam is a gentle, 100% natural everyday wash made for intimate skin. With a carefully balanced pH of 3.8, it cleanses the external intimate area effectively while helping to protect and support your natural microflora. It is a thoughtful, clean alternative for women looking after their intimate wellbeing at every stage of life.</p>
<p>Soothing lavender oil and refreshing organic aloe vera extract bring comfort with every wash, while Saccharide Isomerate, a moisturising active drawn from the sea, helps intimate skin feel soft, fresh and cared for. The soft foaming action cleanses thoroughly yet delicately, leaving you feeling clean and comfortable without disturbing your skin's natural balance.</p>

<h3>Key benefits</h3>
<ul>
  <li>Balanced pH 3.8, matched to intimate skin's natural needs</li>
  <li>Helps protect and support healthy intimate microflora</li>
  <li>Soothing lavender oil and refreshing organic aloe vera extract</li>
  <li>Saccharide Isomerate for long-lasting moisture and comfort</li>
  <li>Gentle foaming action for thorough yet delicate cleansing</li>
  <li>100% natural formula, free from harsh synthetic ingredients</li>
  <li>Suitable for everyday use at every stage of a woman's life</li>
</ul>

<h3>How to use</h3>
<p>Apply a small amount to the external intimate area and rinse off under running water. It is lovely for daily use, and especially refreshing during your period, or after exercise and swimming. For any ongoing intimate discomfort, check with your GP or pharmacist.</p>

<h3>Ingredients</h3>
<p>Full ingredients: Aqua, Aloe Barbadensis Leaf Juice, Decyl Glucoside, Glycerin, Lauryl Glucoside, Lavandula Angustifolia Herb Oil, Phenethyl Alcohol, Saccharide Isomerate, Cinnamomum Cassia Extract, Glyceryl Caprylate, Triethyl Citrate, Citric Acid, Sodium Citrate, Sodium Lactate.</p>
<ul>
  <li><strong>Organic aloe vera:</strong> refreshing and soothing, it helps calm and comfort delicate intimate skin.</li>
  <li><strong>Lavender oil:</strong> gently calming, with a soft natural scent that leaves you feeling fresh.</li>
  <li><strong>Glycerin:</strong> a natural humectant that draws in moisture, helping skin feel soft and comfortable after washing.</li>
  <li><strong>Saccharide Isomerate:</strong> a sea-derived moisturising active that helps intimate skin stay hydrated and comfortable.</li>
</ul>

<h3>Frequently asked questions</h3>
<p><strong>Why does the pH of 3.8 matter?</strong><br>Intimate skin naturally sits at a slightly acidic pH. A wash balanced to 3.8 cleanses gently while helping to support your skin's natural defences, rather than disturbing them.</p>
<p><strong>Can I use it every day?</strong><br>Yes. It is designed for gentle daily use, and is especially refreshing during your period, or after sport and swimming.</p>
<p><strong>Is it suitable for sensitive skin?</strong><br>The formula is 100% natural, with soothing aloe vera and lavender and no harsh synthetic ingredients, so it is a gentle choice for sensitive skin. If you have a known sensitivity or an ongoing concern, check with your GP or pharmacist first.</p>
<p><strong>Is it only for internal or external use?</strong><br>It is for the external intimate area only. Apply a small amount and rinse off under running water.</p>

<p>Explore more in our <a href=""/collections/personal-care-1"">natural personal care collection</a>.</p>"
incia-foaming-facial-cleanser,"<p>The INCIA Foaming Facial Cleanser is a mild, 100% natural face wash that lifts away dirt and make-up with just one pump of soft foam. Unlike many cleansers, it does not dry out the skin: thanks to added natural oils, it hydrates as it cleanses, so your face feels clean, soft and comfortable rather than tight. It is free from SLS and SLES and from synthetic colours and fragrances.</p>
<p>Its Super-Fat technology is the clever part: instead of stripping away your skin's natural oils, it is designed to keep as much of that protective layer intact as possible, helping to look after your skin barrier. The blend of olive and coconut oils dissolves impurities, squalane (which occurs naturally in skin) brings deep nourishment, and tea tree oil adds a fresh, clarifying touch. The result is a healthy-looking glow.</p>

<h3>Key benefits</h3>
<ul>
  <li>100% natural face wash, with no SLS or SLES</li>
  <li>Works as both a cleanser and a make-up remover</li>
  <li>Hydrates while it cleanses, so skin never feels tight</li>
  <li>Super-Fat technology helps preserve the skin's natural oils</li>
  <li>Contains squalane, olive oil, tea tree oil and plant-based glycerine</li>
  <li>Leaves skin with a healthy-looking glow</li>
  <li>Free from synthetic colours and fragrances, cruelty-free and vegan</li>
</ul>

<h3>How to use</h3>
<p>Apply one pump of foam to a wet face. Massage in with gentle, circular motions for at least 20 seconds, then rinse well. Ideal for use in the shower, and it doubles as a make-up remover. Use it up to twice a day, morning and evening.</p>

<h3>Ingredients</h3>
<p>Full ingredients: Aqua, Olea Europaea (Olive) Fruit Oil, Potassium Hydroxide, Cocos Nucifera (Coconut) Oil, Acetic Acid, Ricinus Communis (Castor) Seed Oil, Sodium Hydroxide, Glycerin, Squalane, Melaleuca Alternifolia (Tea Tree) Leaf Oil.</p>
<ul>
  <li><strong>Squalane:</strong> naturally present in skin, it deeply nourishes and helps keep skin soft and supple.</li>
  <li><strong>Olive and coconut oils:</strong> gently dissolve dirt and make-up while helping skin retain moisture.</li>
  <li><strong>Tea tree oil:</strong> adds a fresh, clarifying quality, which makes the cleanser a good fit for combination or blemish-prone skin.</li>
</ul>

<h3>Frequently asked questions</h3>
<p><strong>Is this cleanser suitable for all skin types?</strong><br>It is developed especially for dry and sensitive skin. The tea tree oil also makes it a good choice for combination or blemish-prone skin. If you have a specific skin concern, check with your GP or pharmacist.</p>
<p><strong>Can I use it twice a day, morning and evening?</strong><br>Yes. The cleanser is gentle enough to use twice a day.</p>
<p><strong>Does it remove make-up completely?</strong><br>Yes. It doubles as a make-up remover and lifts away make-up as it cleanses.</p>
<p><strong>Will the foam dry out my skin?</strong><br>No. Thanks to its natural oils and Super-Fat technology, it cleanses without drying out the skin, leaving it soft and comfortable.</p>

<p>Discover more in our <a href=""/collections/personal-care-1"">natural personal care collection</a>.</p>"
incia-lip-balm-orange,"<p>INCIA Kids Lip Balm Orange is a 100% natural lip balm made for little lips, with a cheerful orange scent that turns lip care into a treat children actually want. Made with simple, plant-based ingredients such as olive oil, beeswax, shea butter, rosehip oil and coconut oil, it keeps young lips soft and comforted with no synthetic fragrances, no paraffin and no artificial colours.</p>
<p>Children's lips chap easily because they have no oil-producing glands of their own, so they lose moisture quickly in cold, dry or sunny weather. This gentle stick lays down a light, protective layer that helps lock in moisture, so your child's lips stay soft and cared for through the school run, the playground and family holidays. Because every ingredient is naturally derived, a little accidental lick is nothing to worry about.</p>

<h3>Key benefits</h3>
<ul>
  <li>100% natural formula, made with children in mind</li>
  <li>Beeswax forms a gentle protective barrier against wind and cold</li>
  <li>Shea butter, coconut and rosehip oils nourish and soften delicate lips</li>
  <li>Fun, naturally derived orange scent, no synthetic fragrance or colour</li>
  <li>Free from paraffin, parabens and artificial additives</li>
  <li>Pocket-sized 6g stick, perfect for school bags and sports kits</li>
</ul>

<h3>How to use</h3>
<p>Make sure your child's lips are clean and dry, then twist the base of the stick to bring the balm up. Help them glide a thin, even layer over the lips, starting in the middle and working out to the corners. Reapply through the day whenever lips feel dry, especially in cold, windy or sunny weather. With very young children, apply it for them or supervise closely.</p>

<h3>Ingredients</h3>
<p>Full ingredients: Olea Europaea Fruit Oil, Cera Alba, Ricinus Communis (Castor) Seed Oil, Butyrospermum Parkii (Shea) Butter, Cocos Nucifera (Coconut) Oil, Rosa Canina Fruit Oil, Tocopherol, Citrus Sinensis (Orange) Peel Oil.</p>
<ul>
  <li><strong>Beeswax (Cera Alba):</strong> forms a light protective layer that helps keep lips hydrated and shielded from wind and cold.</li>
  <li><strong>Shea butter:</strong> nourishing and softening, it helps protect against everyday environmental factors.</li>
  <li><strong>Coconut oil:</strong> a deeply conditioning natural oil that helps keep young lips supple.</li>
  <li><strong>Orange peel oil:</strong> gives the balm its bright, naturally derived citrus scent.</li>
</ul>

<h3>Frequently asked questions</h3>
<p><strong>From what age can my child use it?</strong><br>It is made with 100% natural ingredients and no artificial additives, so it suits children. With very young children we suggest you apply it for them or supervise use. If your child has a persistent lip concern, check with your GP or pharmacist.</p>
<p><strong>Is it free from synthetic fragrances and colours?</strong><br>Yes. There are no artificial fragrances or colours. The scent comes entirely from the natural orange oil in the formula.</p>
<p><strong>Can it be used on very dry or chapped lips?</strong><br>Yes. The beeswax forms a protective layer that helps prevent moisture loss, while shea butter, coconut oil and rosehip oil help soften and comfort dry lips. For lips that stay very sore or cracked, speak to your GP or pharmacist.</p>
<p><strong>Is it safe if my child accidentally licks it off?</strong><br>Every ingredient is naturally derived, so a small amount licked or swallowed is nothing to worry about. It is still meant for the lips, not for eating, so supervise younger children. If in doubt, check with your GP.</p>

<p>Part of our <a href=""/collections/mom-baby-care"">natural mum and baby care range</a>. For more gentle everyday skincare tips, read our <a href=""/blogs/news/natural-baby-pregnancy-skincare-a-uk-parents-guide"">guide to natural baby and pregnancy skincare</a>.</p>"
incia-kids-lip-balm-strawberry,"<p>INCIA Kids Lip Balm Strawberry is a 100% natural lip balm made especially for children, with a sweet, naturally derived strawberry scent that little ones love. The gentle formula brings together shea butter, coconut oil, olive oil, calendula oil and Lady's Mantle (alchemilla) root extract, all chosen to soothe and protect delicate young lips without any synthetic fragrances, paraffin or artificial colours.</p>
<p>Children's lips have no oil-producing glands of their own, so they lose moisture fast and chap quickly in cold, dry or sunny weather. This soft balm lays down a comforting, protective layer that helps keep lips soft and looked after through busy days at nursery, school and play. The calendula and Lady's Mantle are traditional, calming botanicals, and because every ingredient is naturally derived, a small accidental lick is nothing to worry about.</p>

<h3>Key benefits</h3>
<ul>
  <li>100% natural formula, developed with children in mind</li>
  <li>Shea butter and coconut oil nourish and protect delicate lips</li>
  <li>Calendula oil, a traditionally soothing botanical for sensitive lip skin</li>
  <li>Lady's Mantle (alchemilla) root extract, a gentle herbal ingredient</li>
  <li>Sweet, naturally derived strawberry scent, no synthetic fragrance or colour</li>
  <li>Free from paraffin, parabens and artificial additives, in a handy 6g stick</li>
</ul>

<h3>How to use</h3>
<p>Make sure your child's lips are clean and dry, then twist the base of the stick to bring the balm up. Help them apply a thin, even layer, starting in the middle of the lips and working outwards with light pressure so it spreads evenly. Reapply through the day whenever lips feel dry, especially in dry, cold or sunny weather. With very young children, apply it for them or supervise closely.</p>

<h3>Ingredients</h3>
<p>Full ingredients: Olea Europaea (Olive) Fruit Oil, Cera Alba, Ricinus Communis (Castor) Seed Oil, Butyrospermum Parkii (Shea) Butter, Cocos Nucifera (Coconut) Oil, Helianthus Annuus (Sunflower) Seed Oil, Alkanna Tinctoria Root Extract, Calendula Officinalis Flower Oil, Glyceryl Behenate, Tocopherol, Stevia Rebaudiana Leaf Extract, Aroma.</p>
<ul>
  <li><strong>Olive oil:</strong> rich in antioxidants and gentle fatty acids that help hydrate and nourish delicate lip skin.</li>
  <li><strong>Beeswax (Cera Alba):</strong> forms a soft protective layer that helps lips hold moisture and stay shielded from wind and cold.</li>
  <li><strong>Calendula oil:</strong> a traditionally calming botanical, often chosen to comfort skin that looks dry or a little red.</li>
  <li><strong>Shea butter:</strong> deeply nourishing and softening for young, sensitive lips.</li>
</ul>

<h3>Frequently asked questions</h3>
<p><strong>From what age can my child use it?</strong><br>It is made especially for children, with 100% natural ingredients and no artificial additives. With very young children we suggest you apply it for them or supervise use. For a persistent lip concern, check with your GP or pharmacist.</p>
<p><strong>Is it free from synthetic fragrances and colours?</strong><br>Yes. There are no artificial fragrances or colours; the scent and flavour come entirely from natural ingredients.</p>
<p><strong>Can it be used on very dry or chapped lips?</strong><br>Yes, it is well suited to dry and chapped lips. Natural ingredients such as beeswax and shea butter soften and comfort while forming a protective layer that helps prevent moisture loss. If lips stay very sore, speak to your GP or pharmacist.</p>
<p><strong>Is it safe if my child licks it off?</strong><br>Every ingredient is naturally derived, so a small amount licked or swallowed is nothing to worry about. It is still meant for the lips, so supervise younger children, and if in doubt check with your GP.</p>

<p>Part of our <a href=""/collections/mom-baby-care"">natural mum and baby care range</a>. For more gentle everyday skincare tips, read our <a href=""/blogs/news/natural-baby-pregnancy-skincare-a-uk-parents-guide"">guide to natural baby and pregnancy skincare</a>.</p>"
incia-lip-balm-bergamot-lemon,"<p>INCIA Lip Balm Bergamot &amp; Lemon is a 100% natural lip balm that keeps your lips soft, hydrated and protected all day, lifted by a fresh citrus scent from natural bergamot and lemon oils. Made entirely from plant-based ingredients, it delivers proper lip care in every kind of weather, with no synthetic fragrances, dyes or preservatives.</p>
<p>Beeswax forms a fine protective layer that helps stop lips drying out and shields them from harsh conditions, from winter wind to dry indoor heating and strong summer sun. Shea butter, coconut oil, castor oil and apricot kernel oil bring a high level of nourishment, keeping lips supple, glossy and comfortable through the day. It is a naturally derived, cruelty-free balm that suits everyday use, whatever the season.</p>

<h3>Key benefits</h3>
<ul>
  <li>100% natural ingredients, no synthetic fragrances or colours</li>
  <li>Beeswax creates a protective layer that helps prevent dryness</li>
  <li>Shea butter helps shield lips from environmental factors and keeps them supple</li>
  <li>Coconut, castor and apricot kernel oils provide deep nourishment</li>
  <li>Keeps lips glossy and radiant all day, with a refreshing bergamot and lemon scent</li>
  <li>Cruelty-free and free from paraffin, synthetic dyes and artificial fragrances</li>
</ul>

<h3>How to use</h3>
<p>Begin with clean, dry lips so the balm settles evenly. Twist the base of the stick to bring the balm up, then glide a thin layer over your lips, starting in the centre and working out to the corners. If you like, massage it in gently with small circular movements to help it absorb. Reapply through the day whenever lips feel dry or need extra care, particularly in cold or windy weather.</p>

<h3>Ingredients</h3>
<p>Full ingredients: Butyrospermum Parkii (Shea) Butter, Cocos Nucifera (Coconut) Oil, Prunus Armeniaca (Apricot) Kernel Oil, Citrus Aurantium Bergamia (Bergamot) Peel Oil, Ricinus Communis (Castor) Seed Oil, Cera Alba, Citrus Limon (Lemon) Peel Oil, Tocopherol.</p>
<ul>
  <li><strong>Shea butter:</strong> nourishing and softening, it helps protect lips from environmental factors.</li>
  <li><strong>Beeswax (Cera Alba):</strong> forms a protective layer that helps keep lips hydrated in warm, cold or sunny conditions.</li>
  <li><strong>Apricot kernel oil:</strong> a light, vitamin-rich oil that helps keep lips soft and conditioned.</li>
  <li><strong>Bergamot and lemon peel oils:</strong> give the balm its bright, naturally derived citrus scent.</li>
</ul>

<h3>Frequently asked questions</h3>
<p><strong>Is it suitable for children as well as adults?</strong><br>Yes. With 100% natural ingredients and no artificial additives, it suits both adults and children. With very young children we suggest supervising use. For a persistent concern, check with your GP or pharmacist.</p>
<p><strong>Is it free from synthetic fragrances and colours?</strong><br>Yes. There are no artificial fragrances or colours; the scent comes entirely from the natural bergamot and lemon oils in the formula.</p>
<p><strong>Can it be used on very dry or chapped lips?</strong><br>Yes, it is well suited to dry and chapped lips. The beeswax forms a protective layer that helps prevent moisture loss, while shea butter, coconut oil and apricot kernel oil soften and comfort. If lips stay very sore or cracked, speak to your GP or pharmacist.</p>
<p><strong>Does the citrus scent come from essential oils?</strong><br>Yes. The refreshing bergamot and lemon scent comes from natural essential oils, with no synthetic fragrance added.</p>

<p>Discover more everyday essentials in our <a href=""/collections/personal-care-1"">natural personal care range</a>. For simple ways to look after your skin naturally, read our <a href=""/blogs/news"">journal</a>.</p>"
incia-lip-balm-cinnamon,"<p>INCIA Lip Balm Cinnamon is a 100% natural lip balm that wraps your lips in rich, lasting nourishment and a warm, subtly spicy cinnamon scent. Built around shea butter, coconut oil, castor oil and rosehip oil, it softens and protects dry, chapped lips while the gentle warmth of natural cinnamon makes every application feel like a cosy treat. There is no paraffin, no synthetic fragrance, no parabens and no artificial colours, just pure, natural lip care.</p>
<p>The blend of natural oils and butters delivers genuine, long-lasting moisture rather than a film that fades in minutes, so lips stay soft and comfortable through the day. That makes it a lovely pick for tough UK winters, when cold winds, dry indoor heating and chilly commutes leave lips cracked and sore. Rosehip oil brings natural vitamin C and vitamin E adds antioxidant support, while the warming cinnamon note lifts the whole experience.</p>

<h3>Key benefits</h3>
<ul>
  <li>100% natural formula with a warm, subtly spicy cinnamon scent</li>
  <li>Shea butter, rich in vitamins A and E, deeply nourishes and softens lips</li>
  <li>Coconut and castor oils condition lips and add a glossy finish</li>
  <li>Rosehip oil brings natural vitamin C, with vitamin E for antioxidant support</li>
  <li>Free from paraffin, synthetic fragrance, parabens and artificial colours</li>
  <li>Ideal for dry, chapped lips in cold or dry weather, great for UK winters</li>
</ul>

<h3>How to use</h3>
<p>Start with clean, dry lips so the balm settles evenly. Twist the base of the stick to bring the balm up, then glide a thin layer over your lips, working from the centre out to the corners. If you like, massage it in gently with small circular movements to help it absorb. Reapply through the day whenever lips feel dry or need extra care, especially in cold or windy weather.</p>

<h3>Ingredients</h3>
<p>A 100% natural blend of plant oils and butters. The full ingredients list is printed on the pack. Key natural ingredients include shea butter (Butyrospermum Parkii), coconut oil (Cocos Nucifera), castor oil (Ricinus Communis), rosehip oil (Rosa Canina), vitamin E (Tocopherol) and natural cinnamon for the warming scent.</p>
<ul>
  <li><strong>Shea butter:</strong> rich in vitamins A and E, it intensively nourishes and softens lips.</li>
  <li><strong>Coconut oil:</strong> a deeply conditioning natural oil that helps keep lips supple.</li>
  <li><strong>Rosehip oil:</strong> a natural source of vitamin C, traditionally valued for conditioning delicate lip skin.</li>
  <li><strong>Castor oil:</strong> seals in moisture and gives the balm a natural glossy finish.</li>
</ul>

<h3>Frequently asked questions</h3>
<p><strong>Is it suitable for children as well as adults?</strong><br>Yes. With 100% natural ingredients and no artificial additives, it suits both adults and children. With very young children we suggest supervising use. For a persistent concern, check with your GP or pharmacist.</p>
<p><strong>What does the cinnamon scent smell like?</strong><br>It is a warm, subtly spicy cinnamon note that comes from natural ingredients, not synthetic fragrance. If you know you are sensitive to spice notes or fragrance components, patch test first or check with your GP or pharmacist.</p>
<p><strong>Can it be used on very dry or chapped lips?</strong><br>Yes, it is well suited to dry and chapped lips. The natural butters and oils soften and comfort, helping to keep lips supple through cold, dry weather. If lips stay very cracked or sore, speak to your GP or pharmacist.</p>
<p><strong>Why choose a natural balm over a paraffin-based one?</strong><br>Many high-street balms rely on paraffin and synthetic additives that mainly sit on the surface. This natural blend of oils and butters is designed to give lasting comfort, so lips feel genuinely cared for rather than needing constant reapplication.</p>

<p>Discover more everyday essentials in our <a href=""/collections/personal-care-1"">natural personal care range</a>. For simple ways to look after your skin naturally, read our <a href=""/blogs/news"">journal</a>.</p>"
incia-lip-balm-coconut,"<p>INCIA Lip Balm Coconut is a 100% natural moisturising lip balm that wraps your lips in a warm, tropical coconut scent and rich, lasting nourishment. Built around shea butter, coconut oil, olive oil, castor oil and apricot kernel oil, it protects lips from harsh weather while keeping them soft and glossy, with no paraffin, no parabens and no synthetic colours.</p>
<p>Beeswax lays down a fine protective layer that helps stop lips drying out, shielding them from cold winds, dry indoor heating and strong sun. The generous blend of natural oils and butters delivers genuine, long-lasting moisture rather than a film that fades in minutes, which makes this a great pick for tough UK winters. The uplifting coconut scent comes from natural parfum and essential oils, so every application feels like a small treat.</p>

<h3>Key benefits</h3>
<ul>
  <li>100% natural formula with a tropical coconut scent</li>
  <li>Beeswax creates a protective layer that helps prevent dryness</li>
  <li>Shea butter and coconut oil deeply nourish and soften lips</li>
  <li>Apricot kernel and castor oils condition lips and add a glossy finish</li>
  <li>Free from paraffin, parabens and synthetic colours</li>
  <li>Ideal for dry, chapped lips in cold or dry weather, great for UK winters</li>
</ul>

<h3>How to use</h3>
<p>Start with clean, dry lips so the balm settles evenly. Twist the base of the stick to bring the balm up, then glide a thin layer over your lips, working from the centre out to the corners. If you like, massage it in gently with small circular movements to help it absorb. Reapply through the day whenever lips feel dry or need extra care, especially in cold or windy weather.</p>

<h3>Ingredients</h3>
<p>Full ingredients: Olea Europaea (Olive) Fruit Oil, Cera Alba, Ricinus Communis (Castor) Seed Oil, Butyrospermum Parkii (Shea) Butter, Cocos Nucifera (Coconut) Oil, Prunus Armeniaca (Apricot) Kernel Oil, Glyceryl Behenate, Tocopherol, Parfum, Limonene, Linalool, Benzyl Salicylate, Citral.</p>
<ul>
  <li><strong>Shea butter:</strong> nourishing and softening, it helps protect lips from environmental factors.</li>
  <li><strong>Beeswax (Cera Alba):</strong> forms a protective layer that helps keep lips hydrated in warm, cold or sunny conditions.</li>
  <li><strong>Coconut oil:</strong> a deeply conditioning natural oil that helps keep lips supple, and the source of the tropical scent.</li>
  <li><strong>Apricot kernel oil:</strong> a light, vitamin-rich oil that helps soften and comfort dry lips.</li>
</ul>

<h3>Frequently asked questions</h3>
<p><strong>Is it suitable for children as well as adults?</strong><br>Yes. With 100% natural ingredients and no artificial additives, it suits both adults and children. With very young children we suggest supervising use. For a persistent concern, check with your GP or pharmacist.</p>
<p><strong>Is it free from synthetic dyes and fragrances?</strong><br>It contains no synthetic colours. The scent comes from natural parfum and essential oils. It does include limonene, linalool, benzyl salicylate and citral, which are natural fragrance components that occur in plant oils. If you know you are sensitive to these, patch test first or check with your GP or pharmacist.</p>
<p><strong>Can it be used on very dry or chapped lips?</strong><br>Yes, it is well suited to dry and chapped lips. The beeswax forms a protective layer that helps prevent moisture loss, while shea butter, coconut oil and olive oil soften and comfort. If lips stay very cracked or sore, speak to your GP or pharmacist.</p>
<p><strong>Why choose a natural balm over a paraffin-based one?</strong><br>Many high-street balms rely on paraffin and synthetic additives. This natural blend of oils and butters is designed to give lasting comfort rather than just a temporary film, so lips feel genuinely cared for.</p>

<p>Discover more everyday essentials in our <a href=""/collections/personal-care-1"">natural personal care range</a>. For simple ways to look after your skin naturally, read our <a href=""/blogs/news"">journal</a>.</p>"
incia-lip-balm-orange,"<p>INCIA Lip Balm Orange is a 100% natural moisturising lip balm that keeps your lips soft, nourished and protected all day, finished with a bright, uplifting orange scent. It is built entirely from plant-based oils and butters, with shea butter, coconut oil, castor oil and rosehip oil doing the work and vitamin E along for the ride. No paraffin, no synthetic fragrance, no artificial colour.</p>
<p>Beeswax is the quiet hero here: it lays down a fine, breathable layer that helps stop lips drying out and shields them from harsh weather, whether that is winter wind, dry central heating or strong summer sun. The rich blend of natural oils keeps lips glossy and comfortable, so instead of a quick film that fades in minutes, you get genuine, lasting nourishment. Naturally derived and kind enough for sensitive skin.</p>

<h3>Key benefits</h3>
<ul>
  <li>100% natural ingredients, no synthetic fragrance or colour</li>
  <li>Beeswax creates a protective layer that helps prevent dryness</li>
  <li>Shea butter and coconut oil deeply nourish and soften</li>
  <li>Castor and rosehip oils seal in moisture and keep lips glossy</li>
  <li>Naturally derived orange scent, refreshing and uplifting</li>
  <li>Free from paraffin, parabens and artificial additives, suitable for all ages</li>
</ul>

<h3>How to use</h3>
<p>Start with clean, dry lips so the balm settles evenly. Twist the base of the stick to bring the balm up, then glide a thin layer over your lips, working from the centre out to the corners. If you like, massage it in gently with small circular movements to help it absorb. Reapply through the day whenever lips feel dry or need extra care, especially in cold or windy weather.</p>

<h3>Ingredients</h3>
<p>Full ingredients: Butyrospermum Parkii (Shea) Butter, Cocos Nucifera (Coconut) Oil, Ricinus Communis (Castor) Seed Oil, Cera Alba, Rosa Canina Fruit Oil, Tocopherol, Citrus Sinensis (Orange) Peel Oil.</p>
<ul>
  <li><strong>Shea butter:</strong> rich in vitamins A and E, it nourishes and softens while helping shield lips from environmental factors.</li>
  <li><strong>Beeswax (Cera Alba):</strong> forms a protective layer that helps keep lips hydrated in warm, cold or sunny conditions.</li>
  <li><strong>Rosehip oil:</strong> a natural source of vitamin C that helps support the look and feel of lip skin.</li>
  <li><strong>Orange peel oil:</strong> gives the balm its fresh, naturally derived citrus scent.</li>
</ul>

<h3>Frequently asked questions</h3>
<p><strong>Is it suitable for children as well as adults?</strong><br>Yes. It is 100% natural with no artificial additives, so it suits both adults and children. With very young children we suggest supervising use. For a persistent concern, check with your GP or pharmacist.</p>
<p><strong>Is it free from synthetic fragrances and colours?</strong><br>Completely. There are no artificial fragrances or colours; the scent comes entirely from the natural orange oil in the formula.</p>
<p><strong>Can it be used on very dry or chapped lips?</strong><br>Yes. The beeswax forms a protective barrier that helps prevent moisture loss, while shea butter, coconut oil and rosehip oil intensively soften and comfort. If lips stay very cracked or sore, speak to your GP or pharmacist.</p>
<p><strong>Why choose a natural balm over a paraffin-based one?</strong><br>Many high-street balms rely on paraffin and synthetic additives. This 100% natural blend of oils and butters is designed to give lasting comfort rather than just a temporary film, so lips feel genuinely cared for.</p>

<p>Explore more everyday essentials in our <a href=""/collections/personal-care-1"">natural personal care range</a>. For simple ways to look after your skin naturally, read our <a href=""/blogs/news"">journal</a>.</p>"
incia-natural-baby-kids-shampoo-without-sulfates-and-parabens,"<p>INCIA Natural Baby &amp; Kids Shampoo is a gentle, sulphate-free and paraben-free gel shampoo made for the delicate scalps of babies and children. Built on mild plant-based cleansers rather than harsh detergents, it cleans hair softly while working with the skin's natural balance, so young scalps feel comfortable rather than stripped. It is 100% natural, dermatologically tested and free from silicones, mineral oils, parabens and synthetic preservatives.</p>
<p>The gel formula makes dosing easy, so there is no waste and every wash uses just the right amount. Aloe vera and other soothing plant ingredients help care for dry, flaky scalps, and the same gentle blend doubles as a mild body wash for quick bath times. It is a practical everyday choice for sensitive skin, and hypoallergenic too, which makes it well suited to little ones who react to conventional shampoos.</p>

<h3>Key benefits</h3>
<ul>
  <li>Sulphate-free and paraben-free, formulated for babies and children</li>
  <li>Plant-based cleansers (decyl glucoside, lauryl glucoside) for very gentle cleansing</li>
  <li>Works with the skin's natural balance and does not disrupt the scalp</li>
  <li>Easy-dosing gel that can also be used as a mild body wash</li>
  <li>Helps care for dry, flaky scalps with soothing aloe vera</li>
  <li>100% natural, dermatologically tested, hypoallergenic and cruelty-free</li>
  <li>Free from silicones, mineral oils, parabens and synthetic preservatives</li>
</ul>

<h3>How to use</h3>
<p>Wet your child's hair, then apply a small amount of shampoo to the hair and body and massage in gently. Rinse thoroughly with plenty of warm water. Keep it away from the eyes where you can, and if any gets in, rinse with clean water. Gentle enough for daily use. For thicker or longer hair, follow with a conditioner if you like.</p>

<h3>Ingredients</h3>
<p>Full ingredients: Aqua, Aloe Barbadensis Leaf Juice*, Decyl Glucoside, Glycerin, Lauryl Glucoside, Xanthan Gum, Galactoarabinan, Gaultheria Procumbens Leaf Extract, Triethyl Citrate, Cinnamomum Cassia Extract, Glyceryl Caprylate, Lavandula Angustifolia Herb Oil, PCA Ethyl Cocoyl Arginate, Hydrogenated Ethylhexyl Olivate, Hydrogenated Olive Oil Unsaponifiables, Sodium Citrate, Citric Acid. (*Organically sourced.)</p>
<ul>
  <li><strong>Decyl Glucoside and Lauryl Glucoside:</strong> mild, plant-derived cleansers that lift away dirt gently without stripping the scalp.</li>
  <li><strong>Aloe Barbadensis Leaf Juice:</strong> soothing aloe vera that helps care for dry, sensitive skin.</li>
  <li><strong>Glycerin:</strong> a naturally hydrating ingredient that helps keep the scalp comfortable.</li>
  <li><strong>Lavandula Angustifolia Herb Oil:</strong> lavender, a gentle natural botanical in the blend.</li>
</ul>

<h3>Frequently asked questions</h3>
<p><strong>Is it suitable for babies as well as older children?</strong><br>Yes. The formula is gentle and free from synthetic additives, so it suits both babies and children. For a newborn, or if your baby has a specific skin concern, check with your GP, midwife or health visitor first.</p>
<p><strong>Does it sting the eyes?</strong><br>It is dermatologically tested and hypoallergenic, and designed to be mild. As with any shampoo, try to keep it out of the eyes, and rinse with clean water if any gets in.</p>
<p><strong>Can I use it on sensitive or eczema-prone skin?</strong><br>It is made for sensitive skin, with no sulphates, parabens or synthetic fragrance. If your child has eczema or a persistent skin concern, patch test first and check with your GP or pharmacist.</p>
<p><strong>Can it be used as a body wash too?</strong><br>Yes. The same gentle blend works as a mild body wash, so you can use one product for hair and body at bath time.</p>

<p>Explore more in our <a href=""/collections/mom-baby-care"">natural mum and baby care range</a>. For gentle everyday routines, read our <a href=""/blogs/news/natural-baby-pregnancy-skincare-a-uk-parents-guide"">guide to natural baby and pregnancy skincare</a>.</p>"
incia-natural-baby-oil,"<p>INCIA Natural Baby Oil is a 100% natural, hypoallergenic oil made for newborns and babies with delicate, sensitive skin. It brings together cold-pressed plant oils, including evening primrose, calendula and apricot kernel, into one gentle blend that nourishes, moisturises and looks after soft baby skin without harsh chemicals, parabens or synthetic antioxidants.</p>
<p>A baby's skin is thinner and more sensitive than adult skin, so it is worth keeping what you put on it as simple and natural as possible. This oil is dermatologically tested and rich in caring plant oils and vitamin E, making it lovely for daily massage, for smoothing into the skin after a bath and for taming fluffy hair. It is gentle enough for babies and children, and grown-ups can happily use it too.</p>

<h3>Key benefits</h3>
<ul>
  <li>100% natural and hypoallergenic, dermatologically tested for sensitive skin</li>
  <li>Moisturises and nourishes newborn and baby skin</li>
  <li>Comforting on dry, itchy or easily irritated skin</li>
  <li>Free from synthetic antioxidants, parabens and synthetic fragrance</li>
  <li>Multi-tasking: use as a body oil, bath oil, hair oil or massage oil</li>
  <li>Vegan and cruelty-free</li>
</ul>

<h3>How to use</h3>
<p>Warm a little oil between your palms first, then massage it gently into your baby's skin. For an extra soft feel, add a few drops to the bath water. You can also smooth a small amount through hair to keep it soft and tame fluffiness. Suitable for babies, children and adults alike. As with any new product on very sensitive skin, patch test first.</p>

<h3>Ingredients</h3>
<p>Full ingredients: Olea Europaea (Olive) Fruit Oil, Calendula Officinalis Flower Oil, Prunus Armeniaca (Apricot) Kernel Oil, Sesamum Indicum (Sesame) Seed Oil, Triticum Vulgare (Wheat) Germ Oil, Prunus Amygdalus Dulcis (Sweet Almond) Oil, Silybum Marianum Seed Oil, Simmondsia Chinensis (Jojoba) Seed Oil, Tocopherol, Parfum, Linalool, Limonene, Geraniol.</p>
<ul>
  <li><strong>Evening primrose oil:</strong> a light, comforting oil long chosen to calm the feel of dry, sensitive skin.</li>
  <li><strong>Calendula flower oil:</strong> a classic in baby care, prized for its soft, soothing character on delicate skin.</li>
  <li><strong>Apricot kernel oil:</strong> a nourishing oil that sinks in easily and leaves skin feeling supple, not greasy.</li>
  <li><strong>Jojoba seed oil:</strong> closely mirrors skin's own oils, helping the blend absorb smoothly and lock in softness.</li>
</ul>

<h3>Frequently asked questions</h3>
<p><strong>Can I use it on my baby's face?</strong><br>Yes. The oil is hypoallergenic, dermatologically tested and developed for delicate baby skin, including the face. Use a small amount and, for a new product, patch test first. For a persistent skin concern, check with your GP or pharmacist.</p>
<p><strong>Can adults use it too, on skin or hair?</strong><br>Absolutely. The oil is suitable for babies, children and adults. Smooth it into dry skin or work a little through the ends of your hair.</p>
<p><strong>Will it leave marks on clothing or bedding?</strong><br>As with any oil, use a small amount and let it absorb fully before dressing your baby or putting them down, so there is less chance of transfer onto fabric.</p>
<p><strong>Is it free from synthetic additives?</strong><br>Yes. The formula is made with 100% natural ingredients, with no synthetic antioxidants, parabens or synthetic fragrance.</p>

<p>Part of our <a href=""/collections/mom-baby-care"">natural mum and baby care range</a>. For more gentle everyday tips, read our <a href=""/blogs/news/natural-baby-pregnancy-skincare-a-uk-parents-guide"">guide to natural baby and pregnancy skincare</a>.</p>"
incia-natural-deodorant-for-dark-armpits,"<p>INCIA Natural Whitening Roll On Deodorant for Dark Armpits is a 100% natural deodorant made to look after the appearance of darker underarm skin while keeping you fresh all day. Darker underarms are very common, affecting roughly one in three people, and can be linked to shaving and hair removal, friction, tight clothing, hormonal changes such as pregnancy and a build-up of dead skin cells.</p>
<p>This roll-on pairs the natural mineral salt potassium alum, which has an antibacterial action against the bacteria behind body odour, with liquorice root extract, a plant extract known for its softening feel and for helping the underarm look more even in tone. It is kind and caring on the delicate skin under your arms, does not clog pores and leaves no marks on clothing.</p>

<h3>Key benefits</h3>
<ul>
  <li>100% natural deodorant with no synthetic aluminium</li>
  <li>With liquorice root extract to help the underarm look more even in tone</li>
  <li>Reduces the odour that comes with sweat, without blocking the pores</li>
  <li>Natural, antibacterial action against odour-causing bacteria</li>
  <li>Caring on the delicate, easily marked skin under the arms</li>
  <li>Leaves no stains on clothing, free from parabens and synthetic fragrance</li>
  <li>Cruelty-free and vegan, 50ml roll-on</li>
</ul>

<h3>How to use</h3>
<p>Apply to clean, dry underarms. For the best result, roll it on the evening before so it can work overnight. Let it dry fully before getting dressed to help avoid transfer onto fabric. Consistent daily use gives the most even result over time.</p>

<h3>Ingredients</h3>
<p>Full ingredients: Aqua, Potassium Alum, Glycerin, Glycyrrhiza Glabra Root Extract, Xanthan Gum, Sodium Carbonate, Pentylene Glycol, Tocopherol, Cinnamomum Cassia Extract, Parfum, Benzyl Salicylate, Geraniol, Citronellol.</p>
<ul>
  <li><strong>Potassium alum:</strong> a natural mineral salt crystal with an antibacterial action that helps keep odour-causing bacteria in check.</li>
  <li><strong>Liquorice root extract:</strong> a plant extract known for its softening feel and for supporting a more even-looking underarm tone.</li>
  <li><strong>Glycerin:</strong> draws in and holds moisture, keeping the underarm skin supple and comfortable.</li>
  <li><strong>Cinnamon extract:</strong> gives the roll-on its pleasant, natural scent.</li>
</ul>

<h3>Frequently asked questions</h3>
<p><strong>Does it really help with the look of dark underarms?</strong><br>The formula contains liquorice root extract, a plant extract valued for its softening properties and for helping the underarm skin look more even in tone with regular use. Results vary from person to person. For a specific skin concern, check with your GP or pharmacist.</p>
<p><strong>How long before I notice a difference in tone?</strong><br>Give it consistency. Many people begin to see a visible effect after at least 28 days of regular daily use, so it is worth sticking with it.</p>
<p><strong>Can I use it during pregnancy or breastfeeding?</strong><br>The deodorant is made with 100% natural ingredients, with no synthetic aluminium, alcohol or preservatives. If you are pregnant or breastfeeding, we always recommend checking with your GP or midwife first.</p>
<p><strong>Does it block the pores?</strong><br>No. This is a deodorant, not an antiperspirant. It does not clog the pores or stop you sweating; it simply helps neutralise the bacteria that cause unpleasant odour.</p>

<p>Explore the rest of our <a href=""/collections/personal-care-1"">natural personal care range</a> for more aluminium-free, plant-based everyday essentials.</p>"
incia-natural-deodorant-for-sensitive-skin,"<p>Do you have sensitive skin and underarms that flare up easily? INCIA Natural Deodorant for Sensitive Skin is a 100% natural roll-on made with exactly that in mind. It brings together soothing aloe vera for extra-sensitive skin and potassium alum for its natural antibacterial action, so it stays gentle enough to smooth on even straight after shaving.</p>
<p>Fresh sweat does not actually smell. Odour appears when sweat meets the bacteria on your skin, and that is what this deodorant tackles. It creates an antibacterial environment that helps prevent odour at the source, without synthetic aluminium and without blocking your pores, so your skin can still breathe and perspire naturally. Kind, calming and free from alcohol, parabens and synthetic fragrance.</p>

<h3>Key benefits</h3>
<ul>
  <li>100% natural roll-on with aloe vera and potassium alum</li>
  <li>Aloe vera soothes and hydrates sensitive underarm skin</li>
  <li>Antibacterial action that helps prevent odour without blocking pores</li>
  <li>Gentle enough to apply straight after shaving</li>
  <li>Leaves no marks on clothing</li>
  <li>Free from synthetic aluminium, alcohol, parabens and synthetic fragrance</li>
  <li>Suitable during pregnancy and breastfeeding, cruelty-free and vegan, 50ml roll-on</li>
</ul>

<h3>How to use</h3>
<p>Apply to clean, dry underarms. For the best result, roll it on the evening before so it can work overnight and keep you feeling fresh the next day. It is gentle enough to use immediately after shaving. Let it dry before dressing.</p>

<h3>Ingredients</h3>
<p>Full ingredients: Aqua, Potassium Alum, Glycerin, Aloe Barbadensis Leaf Juice Powder, Xanthan Gum, Sodium Carbonate, Pentylene Glycol, Phenylpropanol, Cinnamomum Cassia Extract, Tocopherol, Parfum, Geraniol, Citral, Benzyl Salicylate.</p>
<ul>
  <li><strong>Aloe vera leaf juice powder:</strong> hydrates, calms and helps protect sensitive skin against irritation.</li>
  <li><strong>Potassium alum:</strong> a natural mineral salt with an antibacterial action that curbs the underarm bacteria behind odour, without clogging pores.</li>
  <li><strong>Cinnamon extract:</strong> chosen for its soothing, antibacterial character and its natural scent.</li>
  <li><strong>Glycerin:</strong> a gentle humectant that keeps delicate underarm skin soft and comfortable.</li>
</ul>

<h3>Frequently asked questions</h3>
<p><strong>Does such a mild formula still cope with stronger odour?</strong><br>Yes. Alum is a natural mineral salt used for generations to keep body odour at bay. Fresh sweat does not smell; the odour comes from bacteria on the skin, and alum helps tackle that effectively, even on more active days. If you are very active, you may like to reapply.</p>
<p><strong>How long does it last through the day?</strong><br>For the best result we suggest applying it the evening before, on clean, dry underarms, so it can work overnight and keep you feeling fresh the following day.</p>
<p><strong>Can I use it during pregnancy or breastfeeding?</strong><br>The formula contains no synthetic aluminium, alcohol or harsh ingredients. If you are pregnant or breastfeeding and have any doubts, we always recommend checking with your GP or midwife first.</p>
<p><strong>Does it block my pores?</strong><br>No. This is a deodorant, not an antiperspirant. You can still sweat, which is your body's natural way of cooling and cleansing itself. It simply neutralises the bacteria that cause unpleasant odour.</p>

<p>Discover more aluminium-free essentials in our <a href=""/collections/personal-care-1"">natural personal care range</a>.</p>"
incia-natural-dishwashing-soap,"<p>INCIA Natural Dishwashing Soap is a plant-based, biodegradable washing-up liquid that cuts through grease while staying kind to your hands. Made with more than 30% plant-derived soap from olive, coconut and castor oils, it cleans dishes thoroughly without the harsh synthetic detergents found in many conventional products. It is fragrance-free, free from artificial colours and a good fit for a lower-waste, more natural home.</p>
<p>Everyday washing-up liquids can leave hands feeling dry and tight. This formula uses a Super-Fat approach that helps condition the skin as you wash, so your hands stay more comfortable through a sink full of dishes. It is gentle enough to use without gloves, safe for cleaning baby bottles, teats and feeding accessories, and fully biodegradable, with 100% recyclable packaging and no animal-derived ingredients.</p>

<h3>Key benefits</h3>
<ul>
  <li>Made with over 30% plant-based soap from olive, coconut and castor oils</li>
  <li>Cuts through grease and cleans dishes thoroughly</li>
  <li>Super-Fat formula helps condition hands while you wash</li>
  <li>Fragrance-free, with no artificial colours or added chemicals</li>
  <li>Safe for washing baby bottles, teats and feeding equipment</li>
  <li>Fully biodegradable, vegan and cruelty-free</li>
  <li>Packaged in 100% recyclable bottles</li>
</ul>

<h3>How to use</h3>
<p>Apply a little washing-up liquid to a damp sponge or cloth, or add a squeeze to a bowl of warm water, then wash your dishes as usual. Rinse with clean water. Suitable for everyday washing-up as well as baby bottles, teats and other feeding accessories. For hand washing only, not for use in a dishwasher.</p>

<h3>Ingredients</h3>
<p>Full ingredients: Aqua, Potassium Olivate, Potassium Cocoate, Potassium Castorate, Acetic Acid, Sodium Bicarbonate, Glycerin, Parfum, Citrus Aurantium Dulcis (Orange) Peel Oil, Citrus Paradisi (Grapefruit) Peel Oil, Limonene.</p>
<ul>
  <li><strong>Potassium Olivate, Cocoate and Castorate:</strong> plant-based soaps made from olive, coconut and castor oils that lift away grease.</li>
  <li><strong>Glycerin:</strong> a naturally hydrating ingredient that helps keep hands feeling comfortable.</li>
  <li><strong>Citrus peel oils (orange and grapefruit):</strong> naturally derived citrus oils that give the formula its fresh, clean character.</li>
  <li><strong>Sodium Bicarbonate:</strong> a familiar natural ingredient that supports effective cleaning.</li>
</ul>

<h3>Frequently asked questions</h3>
<p><strong>Is it safe for washing baby bottles and teats?</strong><br>Yes. The plant-based formula is free from harsh synthetic detergents and artificial fragrance, so it suits baby bottles, teats and feeding accessories. Rinse well with clean water after washing.</p>
<p><strong>Will it dry out my hands?</strong><br>It is designed to be kinder to skin than conventional washing-up liquids. The Super-Fat formula helps condition your hands as you wash, and it is gentle enough to use without gloves.</p>
<p><strong>Does it leave any smell or residue on dishes?</strong><br>No. It is fragrance-free and rinses away cleanly, leaving no scent or taste behind on your dishes.</p>
<p><strong>Can I use it in a dishwasher?</strong><br>No. This is a washing-up liquid for hand washing only. It is not formulated for dishwasher use.</p>

<p>Discover more of our natural home and everyday essentials in our <a href=""/blogs/news"">journal</a>, where we share simple ways to make your home routines a little greener.</p>"
incia-natural-foaming-hand-soap-for-kids,"<p>Make hand washing something children actually look forward to with INCIA Natural Foaming Hand Soap for Kids. This 100% natural, plant-based soap comes in a cheerful bottle and turns a soft, airy foam that makes lathering up feel like a treat. It is naturally caring and made for the delicate skin of little hands.</p>
<p>Most everyday hand soaps rely on harsh surfactants that can leave small hands feeling dry and tight. INCIA takes a gentler route, using plant oils such as olive and coconut, with coconut oil bringing a naturally antibacterial quality thanks to its lauric acid. The soap keeps the natural glycerin produced during the soap-making process, so hands are cleaned and conditioned at the same time. Free from SLS, SLES, parabens and artificial colours and fragrances.</p>

<h3>Key benefits</h3>
<ul>
  <li>100% natural, plant-based foaming formula</li>
  <li>Naturally antibacterial thanks to coconut oil and its lauric acid</li>
  <li>Cleans and conditions at once, so little hands stay soft</li>
  <li>Free from SLS, SLES, parabens and artificial colours or fragrances</li>
  <li>Suitable for children with sensitive skin</li>
  <li>Fun foam texture that makes hand washing enjoyable, 100% recyclable bottle</li>
</ul>

<h3>How to use</h3>
<p>Press the pump once for the perfect amount of foaming soap, then wash hands as usual and rinse. The ready-made foam means there is no need to work up a lather, which is ideal for small hands.</p>

<h3>Ingredients</h3>
<p>Full ingredients: Aqua, Olea Europaea (Olive) Fruit Oil, Potassium Hydroxide, Cocos Nucifera (Coconut) Oil, Acetum, Ricinus Communis (Castor) Seed Oil, Sodium Hydroxide, Glycerin, Prunus Amygdalus Dulcis (Sweet Almond) Oil, Calendula Officinalis Flower Oil, Parfum, Limonene, Linalool.</p>
<ul>
  <li><strong>Coconut oil:</strong> naturally antibacterial thanks to its lauric acid, cleansing gently without stripping young skin.</li>
  <li><strong>Calendula flower oil:</strong> a soft, soothing plant oil long trusted in gentle skincare for children.</li>
  <li><strong>Sweet almond oil:</strong> nourishing and moisturising, helping hands feel soft rather than dry after washing.</li>
  <li><strong>Glycerin:</strong> naturally released during soap making and kept in the formula to help condition the skin.</li>
</ul>

<h3>Frequently asked questions</h3>
<p><strong>Is the soap mild enough for children with sensitive skin?</strong><br>Yes. It is free from parabens, sulphates and synthetic additives, and it keeps the natural glycerin released during the soap-making process, which helps care for the skin while washing. For a specific skin concern, check with your GP or pharmacist.</p>
<p><strong>Why does it sometimes foam a little less?</strong><br>The foam comes from natural ingredients rather than synthetic foaming agents, so it is naturally a touch softer and less exuberant than the lather from synthetic soaps. That is completely normal and does not affect how well it cleans.</p>
<p><strong>Is it safe if my child swallows a small amount by accident?</strong><br>The soap is made with 100% natural ingredients, but it is not intended to be swallowed. If your child swallows more than a tiny amount or you have any concerns, contact your GP or pharmacist.</p>
<p><strong>What if the pump sticks or stops working?</strong><br>Give it a few firm presses to prime it. If it still will not dispense, please get in touch and we will be happy to help.</p>

<p>Part of our <a href=""/collections/mom-baby-care"">natural mum and baby care range</a>. For more everyday tips, read our <a href=""/blogs/news/natural-baby-pregnancy-skincare-a-uk-parents-guide"">guide to natural baby and pregnancy skincare</a>.</p>"
incia-natural-hair-serum,"<p>INCIA Natural Hair Serum is a 100% natural treatment powered by ten botanical oils that work into the scalp and hair to support healthy-looking, glossy hair. This lightweight serum nourishes and hydrates both scalp and lengths, so hair looks fuller, stronger and more vibrant from root to tip, without any silicones, mineral oils or synthetic additives.</p>
<p>The oil blend is doing real work. Olive, avocado and sweet almond oils bring shine, while jojoba, rosemary and argan oils help condition and protect. Mastic gum and rosemary are traditional botanicals long associated with the scalp, and vitamin E adds antioxidant support. Unlike serums that rely on silicone to coat the hair for a temporary gloss, this natural blend is designed to soak in and nourish, leaving hair softer, smoother and less prone to frizz. It is vegan, dermatologically tested and comes in fully recyclable packaging.</p>

<h3>Key benefits</h3>
<ul>
  <li>Ten natural oils in one, including olive, sweet almond, argan and avocado</li>
  <li>Nourishes the scalp and conditions hair from root to tip</li>
  <li>Adds brilliant shine and helps reduce the look of frizz</li>
  <li>Lightweight formula that moisturises without weighing hair down</li>
  <li>Free from silicones, parabens, mineral oils and synthetic fragrances</li>
  <li>Vegan, dermatologically tested and suitable for all hair types</li>
</ul>

<h3>How to use</h3>
<p>Apply the serum to the scalp and hair once a week. Massage it in gently, then cover your hair and leave it to work for at least two hours, or overnight for a more intensive treatment. Rinse out thoroughly afterwards. Use it weekly for a month for the best results. For an even better effect, pair it with INCIA 100% Natural Shampoo. A little goes a long way with this concentrated 30ml serum.</p>

<h3>Ingredients</h3>
<p>Full ingredients: Olea Europaea (Olive) Fruit Oil, Ricinus Communis (Castor) Seed Oil, Simmondsia Chinensis (Jojoba) Seed Oil, Prunus Amygdalus Dulcis (Sweet Almond) Oil, Argania Spinosa Kernel Oil, Persea Gratissima (Avocado) Oil, Tocopherol, Caprylic/Capric Triglyceride, Pistacia Lentiscus (Mastic) Gum, Lavandula Angustifolia (Lavender) Oil, Rosmarinus Officinalis (Rosemary) Leaf Oil.</p>
<ul>
  <li><strong>Argan oil:</strong> rich in vitamin E and fatty acids, it helps condition hair and add a natural shine.</li>
  <li><strong>Jojoba oil:</strong> a lightweight oil close in feel to the scalp's own, helping to moisturise without heaviness.</li>
  <li><strong>Rosemary leaf oil:</strong> a traditional botanical long used in scalp and hair care rituals.</li>
  <li><strong>Sweet almond and avocado oils:</strong> nourishing oils that help soften the hair and boost its natural gloss.</li>
</ul>

<h3>Frequently asked questions</h3>
<p><strong>How often should I use it?</strong><br>Once a week. Massage it into the scalp and hair, leave it on for at least two hours or overnight, then rinse thoroughly. Using it weekly for a month gives the best results.</p>
<p><strong>Which hair types is it suitable for?</strong><br>All hair types, whether fine, thick, curly or colour-treated. It is dermatologically tested and designed to be gentle enough for regular use, including on sensitive scalps.</p>
<p><strong>Will it leave my hair greasy?</strong><br>No. It is a lightweight, concentrated formula, so a little goes a long way. Applied as a treatment and rinsed out thoroughly, it conditions and adds shine without weighing hair down.</p>
<p><strong>Is it natural and free from silicones?</strong><br>Yes. It is 100% natural and vegan, with no silicones, mineral oils, parabens or synthetic fragrances, and it comes in fully recyclable packaging. If you have a scalp concern or notable hair thinning, check with your GP or pharmacist.</p>

<p>Explore more of our <a href=""/collections/personal-care-1"">natural personal care range</a>. For simple, natural haircare tips, read our <a href=""/blogs/news"">journal</a>.</p>"
incia-natural-herbal-shampoo,"<p>INCIA Natural Herbal Shampoo is a 100% natural, vegan shampoo built around eight plant and herbal extracts that feed the scalp and hair from root to tip. Gathered using a gentle green extraction method, these botanicals cleanse thoroughly while helping to support healthy-looking hair growth, leaving hair feeling stronger and looking shinier and fuller.</p>
<p>Many conventional shampoos lean on silicones and synthetic conditioners that coat the hair for a quick shine while blocking out real nourishment. INCIA works differently, using plant-based cleansers such as coco-glucoside and lauryl glucoside alongside real herbal extracts, so hair is cared for without silicone build-up. It is dermatologically tested, hypoallergenic, free from silicones, parabens, SLS and SLES, artificial fragrances and mineral oils, and it comes in a 100% recyclable bottle.</p>

<h3>Key benefits</h3>
<ul>
  <li>Eight natural herbal extracts that nourish the scalp and hair</li>
  <li>Plant-based cleansers (coco-glucoside, lauryl glucoside) for gentle, effective washing</li>
  <li>Supports healthy-looking, fuller, stronger hair over time</li>
  <li>Free from silicones, parabens, SLS, SLES, artificial fragrances and mineral oils</li>
  <li>Dermatologically tested, hypoallergenic and suitable for sensitive scalps</li>
  <li>Vegan, cruelty-free and biodegradable, 275ml</li>
</ul>

<h3>How to use</h3>
<p>Apply a small amount to wet hair, massage gently into the scalp and rinse thoroughly with water. For the best result, follow with INCIA Natural Hair Serum. Please note that hair can feel slightly stiff after use, so this shampoo is not recommended for curly hair. If you have curly or thicker hair, our Shrub Shampoo is a better match.</p>

<h3>Ingredients</h3>
<p>Full ingredients: Aqua, Coco-Glucoside, Lauryl Glucoside, Glycerin, Diheptyl Succinate, Capryloyl Glycerin/Sebacic Acid Copolymer, Coco-Caprylate/Caprate, Xanthan Gum, Guar Gum, Polyglyceryl-10 Caprylate/Caprate, PCA Ethyl Cocoyl Arginate, Sideritis Scardica Extract, Chamomilla Recutita (Matricaria) Flower Extract, Calendula Officinalis Flower Extract, Camellia Sinensis Leaf Extract, Humulus Lupulus (Hops) Extract, Equisetum Arvense Extract, Urtica Dioica Extract, Tilia Europaea Flower Extract, Cinnamomum Zeylanicum Bark Extract, Triethyl Citrate, Glyceryl Caprylate, Citric Acid, Sodium Citrate, Tocopherol, Parfum.</p>
<ul>
  <li><strong>Hops extract:</strong> a well-known botanical valued for supporting the hair roots.</li>
  <li><strong>Horsetail (Equisetum) extract:</strong> traditionally used to encourage strong new growth and help guard against breakage.</li>
  <li><strong>Nettle (Urtica) extract:</strong> nourishes hair from root to tip and adds vitality and shine.</li>
  <li><strong>Green tea extract:</strong> lends shine and volume while helping to balance an oilier scalp.</li>
</ul>

<h3>Frequently asked questions</h3>
<p><strong>Can it help with hair fall or thinning-looking hair?</strong><br>The shampoo is developed with this in mind. Its eight herbal extracts, gathered by a green extraction method, include hops extract, known for supporting the hair roots, and horsetail extract, traditionally used to support healthy growth, while nettle nourishes and green tea adds shine and volume. For the best result, combine it with INCIA Natural Hair Serum. For ongoing hair or scalp concerns, check with your GP or pharmacist.</p>
<p><strong>Is it suitable for children and during pregnancy?</strong><br>The shampoo is dermatologically tested, hypoallergenic and made with 100% natural ingredients. For children we recommend the INCIA Kids Shampoo or Foaming Baby Shampoo, developed for delicate young skin. If you are pregnant and have any doubts, we always suggest checking with your GP or midwife first.</p>
<p><strong>Does it contain sulphates, parabens or silicones?</strong><br>No. The formula is free from SLS and SLES, parabens and silicones, using plant-based cleansers and real herbal extracts instead.</p>
<p><strong>Is it suitable for all hair types, including curly or thick hair?</strong><br>Hair can feel a little stiff after use, so this shampoo is not recommended for curly hair. For curly or thicker hair we suggest the Shrub Shampoo, developed for more intensive care and ideal alongside the Shrub Conditioner.</p>

<p>Browse more plant-based everyday essentials in our <a href=""/collections/personal-care-1"">natural personal care range</a>.</p>"
incia-natural-liquid-laundry-liquid-soap,"<p>INCIA Natural Baby Laundry Liquid Soap is a gentle, hypoallergenic washing liquid for whites and colours, made with sensitive skin in mind. We do not always think of laundry liquid as skincare, yet our clothes and bedding are in contact with our skin all day, so what we wash them in matters. This plant-based formula skips the synthetic dyes and synthetic fragrances found in many everyday detergents.</p>
<p>At its heart is coconut soap, one of nature's most effective cleansers, which lifts everyday marks and grime beautifully, together with a touch of lavender oil for a soft, naturally fresh scent. It is dermatologically tested, biodegradable and suitable for cotton, wool, silk, viscose and denim. The 750ml bottle washes roughly 25 loads and is gentle enough for the whole family, from newborns to grown-ups with sensitive skin.</p>

<h3>Key benefits</h3>
<ul>
  <li>Hypoallergenic and dermatologically tested, kind to sensitive skin</li>
  <li>Free from synthetic dyes and synthetic fragrances, scented only with natural lavender oil</li>
  <li>Plant-based coconut soap lifts everyday marks effectively</li>
  <li>Suitable for whites and colours, and for cotton, wool, silk, viscose and denim</li>
  <li>Biodegradable formula in sustainable packaging</li>
  <li>750ml, around 25 washes, gentle enough from birth</li>
</ul>

<h3>How to use</h3>
<p>Sort your laundry by colour and fabric type. For a normal load, measure 30ml using the cap and pour it into the detergent drawer, then load the machine as the manufacturer advises, choose your programme and start. For stubborn marks, dab a little directly onto the spot before washing. No extra rinse is needed. Store in a cool, dry place and shake gently before use.</p>

<h3>Ingredients</h3>
<p>Full ingredients: Aqua, Sodium Cocoate, Sodium Carbonate, Sodium Citrate, Lavandula Angustifolia Oil, Glycerin.</p>
<ul>
  <li><strong>Coconut soap (Sodium Cocoate):</strong> a plant-based soap with strong grease- and grime-lifting power, one of the most effective cleansers nature offers.</li>
  <li><strong>Sodium carbonate:</strong> a natural mineral that supports cleaning by helping to neutralise acids and lift residues.</li>
  <li><strong>Lavender oil:</strong> gives laundry a soft, fresh, naturally calming scent without synthetic fragrance.</li>
  <li><strong>Glycerin:</strong> a gentle, plant-derived humectant that keeps the formula mild.</li>
</ul>

<h3>Frequently asked questions</h3>
<p><strong>My liquid has turned slightly yellow or cloudy. Can I still use it?</strong><br>Yes, this is completely normal. Because there are no artificial colours or preservatives, a little discolouration or sediment can appear over time. It is a natural process and does not affect how the product works. Simply shake well before use.</p>
<p><strong>Why does my bottle smell a little different from last time?</strong><br>Because we work only with natural ingredients, the scent can vary slightly from batch to batch. This is normal with natural products and says nothing about the quality or performance of the liquid.</p>
<p><strong>Why does it say ""baby"" on the pack? Is it also for adults?</strong><br>Yes, it is suitable for everyone. The word ""baby"" simply highlights how mild and gentle the formula is, which also makes it ideal for adults with sensitive skin.</p>
<p><strong>My washing smells musty afterwards. What can I do?</strong><br>A musty smell often comes from leftover moisture or a dirty machine rather than the detergent. Clean your washing machine about once a month with natural vinegar or soda, avoid overdosing the liquid, and leave the door open after each wash so the drum can dry.</p>

<p>Part of our <a href=""/collections/mom-baby-care"">natural mum and baby care range</a>. For more on gentle everyday choices for little ones, read our <a href=""/blogs/news/natural-baby-pregnancy-skincare-a-uk-parents-guide"">guide to natural baby and pregnancy skincare</a>.</p>"
incia-natural-remedy-for-insect-bites,"<p>The INCIA Natural Remedy for Insect Bites is a 100% natural repellent lotion that helps keep mosquitoes, ticks, midges and other biting insects at bay, without a drop of DEET. With UK summers bringing more midges, mosquitoes and the risk of tick-borne illness, a natural way to protect the whole family outdoors has become a genuine essential.</p>
<p>The lotion is built around micro-encapsulated lemon eucalyptus oil, a natural insect-repelling oil that is released slowly and steadily so the effect lasts through the day. Squalane and vitamin E add hydrating, skin-softening qualities, so unlike many repellents it looks after your skin rather than drying it out. Suitable for babies, children and adults.</p>

<h3>Key benefits</h3>
<ul>
  <li>Natural protection against mosquitoes, ticks and midges, with no DEET</li>
  <li>Micro-encapsulated lemon eucalyptus oil for a controlled, longer-lasting release</li>
  <li>Helps keep skin protected for up to six hours</li>
  <li>Hydrating and softening, thanks to squalane and vitamin E, so it will not dry out skin</li>
  <li>Suitable for babies, children and adults</li>
  <li>100% natural ingredients, with no synthetic fragrance or parabens</li>
</ul>

<h3>How to use</h3>
<p>Apply the lotion to exposed skin. Use a small amount each time and spread it well across the area. Reapply every six hours for continued protection, and more often if you have been swimming, towelling off or perspiring heavily. This is a repellent for intact skin rather than a treatment for existing bites, so avoid open or broken skin. For a bite that has already happened, or for grazes and chapped skin, reach for the INCIA SOS Stick instead.</p>

<h3>Ingredients</h3>
<p>Full ingredients: Aqua, Glycerin, Coco-Caprylate/Caprate, Sorbitan Laurate, Butylene Glycol, Sorbitol, Eucalyptus Citriodora Oil, Cetearyl Alcohol, Polyglyceryl-4 Laurate, Dilauryl Citrate, Squalane, Xanthan Gum, Cinnamomum Cassia Extract, Triethyl Citrate, Glyceryl Caprylate, Phytic Acid, Tocopherol.</p>
<ul>
  <li><strong>Lemon eucalyptus oil (Eucalyptus Citriodora Oil):</strong> a naturally insect-repelling oil that leaves a fresh, aromatic feel on the skin.</li>
  <li><strong>Squalane:</strong> hydrates deeply, supports the skin barrier and helps prevent moisture loss.</li>
  <li><strong>Cinnamon extract (Cinnamomum Cassia Extract):</strong> brings soothing, comforting qualities that help look after the skin.</li>
  <li><strong>Vitamin E (Tocopherol):</strong> an antioxidant that helps keep the formula and the skin feeling cared for.</li>
</ul>

<h3>Frequently asked questions</h3>
<p><strong>Is it safe to use during pregnancy or breastfeeding?</strong><br>The product is made with 100% natural ingredients and contains no DEET. It does, however, contain essential oils such as lemon eucalyptus oil and cinnamon extract. If you are pregnant or breastfeeding, please check with your GP, pharmacist or midwife before use.</p>
<p><strong>Does it contain fragrance or anything likely to irritate?</strong><br>There is no synthetic fragrance and no parabens. The scent comes purely from the natural ingredients in the formula, including lemon eucalyptus oil. If your skin is sensitive, we always suggest patch testing on a small area first.</p>
<p><strong>How quickly does it work, and how long does it last?</strong><br>This is primarily a preventive repellent to keep insects away rather than something to ease itching after a bite. The protective effect lasts roughly two to six hours on average, depending on how much you use and the conditions around you.</p>
<p><strong>Can I use it on broken skin or scratched bites?</strong><br>We would not recommend it. The lotion is designed as a protective product for intact skin. For open or broken skin, and for scrapes and insect bites, the INCIA SOS Stick is the better choice.</p>

<p>Part of our <a href=""/collections/personal-care-1"">natural personal care range</a>. Heading out with little ones this summer? Read our <a href=""/blogs/news/natural-baby-pregnancy-skincare-a-uk-parents-guide"">guide to natural baby and pregnancy skincare</a>.</p>"
incia-natural-sunscreen-for-baby-and-child-spf50,"<p>INCIA Natural Sunscreen for Baby and Child SPF 50 is a mineral sunscreen made for the sensitive skin of babies and young children. It uses a non-nano mineral filter that sits on top of the skin and reflects UV rays, giving broad-spectrum SPF 50 protection against both UVA and UVB, and it starts working straight away on application. The 100% natural formula is free from parabens, synthetic fragrances and the chemical filters found in many conventional sunscreens.</p>
<p>Because the mineral filter reflects rather than absorbs UV light, nothing needs to soak into your child's skin to protect them, which makes it a reassuring choice for little ones. It is water-resistant for time in the pool or the sea, and the cold-pressed plant oils in the blend, including calendula and tamanu (Calophyllum Inophyllum), add antioxidant-rich nourishment. Perfect for the beach, the park or any bright UK day, and worth remembering even when it is cloudy, since a large share of UV rays still comes through cloud.</p>

<h3>Key benefits</h3>
<ul>
  <li>Broad-spectrum SPF 50 mineral protection against UVA and UVB</li>
  <li>Non-nano mineral filter that works immediately on application</li>
  <li>100% natural formula, free from chemical filters and synthetic fragrance</li>
  <li>Water-resistant, ideal for swimming and beach days</li>
  <li>Suitable for the sensitive skin of babies and children</li>
  <li>Calendula and tamanu oils add antioxidant-rich nourishment</li>
  <li>Vegan and cruelty-free</li>
</ul>

<h3>How to use</h3>
<p>Squeeze a little sunscreen into your palm or straight onto the skin and spread a thin, even layer over the face and body. Rub in well to avoid a white cast. For the best protection, apply generously before going out and reapply at least every two hours, and always after swimming, towelling dry or heavy sweating. Because of the natural oils, keep it from coming into contact with fabrics where you can.</p>

<h3>Ingredients</h3>
<p>Full ingredients: Aqua, Coco-Caprylate/Caprate, Titanium Dioxide, Caprylic/Capric Triglyceride, Polyhydroxystearic Acid, Stearic Acid, Aluminum Oxide, Glycerin, Squalane, Polyglyceryl-3 Polyricinoleate, Euphorbia Cerifera Cera, Cinnamomum Cassia Extract, Triethyl Citrate, Glyceryl Caprylate, Magnesium Sulfate, Galactoarabinan, Calendula Officinalis Flower Oil, Calophyllum Inophyllum Seed Oil, Tocopherol, Parfum, Limonene.</p>
<ul>
  <li><strong>Titanium Dioxide (non-nano):</strong> a mineral UV filter that sits on the skin and reflects UVA and UVB rays.</li>
  <li><strong>Calendula Officinalis Flower Oil:</strong> a gentle, soothing botanical oil traditionally chosen for delicate skin.</li>
  <li><strong>Calophyllum Inophyllum Seed Oil (tamanu):</strong> an antioxidant-rich plant oil that helps nourish and comfort skin.</li>
  <li><strong>Squalane:</strong> a lightweight, skin-softening ingredient that helps the cream spread smoothly.</li>
</ul>

<h3>Frequently asked questions</h3>
<p><strong>Is it safe for newborn babies?</strong><br>The formula is natural and made for sensitive baby and child skin. For a newborn, we recommend keeping them out of direct sun where possible and checking with your GP, midwife or health visitor before using any sunscreen.</p>
<p><strong>Is it suitable for very sensitive skin?</strong><br>Yes, it is specially developed for sensitive skin and free from synthetic fragrance and chemical filters. Patch test a small area first, and if your child has a persistent skin concern, check with your GP or pharmacist.</p>
<p><strong>How is a mineral sunscreen different from a chemical one?</strong><br>A mineral sunscreen sits on top of the skin and reflects UV rays, rather than absorbing them the way chemical filters do. Many parents prefer this for young children, and it is generally considered kinder to marine life too.</p>
<p><strong>How often should I reapply?</strong><br>Apply generously before going out and reapply at least every two hours, and always after swimming, drying off or heavy sweating, to keep protection topped up.</p>

<p>Browse our full <a href=""/collections/sun-care-1"">natural sun care range</a> and more in our <a href=""/collections/mom-baby-care"">natural mum and baby care range</a>. To understand the difference between filter types, read our guide on <a href=""/blogs/news/mineral-vs-chemical-choosing-the-best-sun-protection-for-sensitive-skin-kids"">mineral versus chemical sun protection for sensitive skin and kids</a>.</p>"
incia-natural-sunscreen-for-face-spf50,"<p>The INCIA Natural Sunscreen for Face SPF 50+ pairs daily mineral sun protection with skin-loving hydration in one lightweight, 100% natural formula. It uses non-nano, Ecocert-certified titanium dioxide to reflect UVA and UVB rays at the surface of the skin, rather than the chemical filters that are absorbed into it, so it is a clean choice for everyday wear.</p>
<p>Enriched with hyaluronic acid to draw in and hold onto moisture, plus nourishing tamanu oil, it helps keep the face hydrated and comfortable while it protects. The texture is light and non-greasy, it does not clog pores, and it works beautifully as a daily moisturiser with SPF. Hypoallergenic, dermatologically tested and free from synthetic fragrance, parabens and colourants, it suits every skin type, including sensitive, oily and blemish-prone skin.</p>

<h3>Key benefits</h3>
<ul>
  <li>SPF 50+ broad-spectrum mineral protection against UVA and UVB for the face</li>
  <li>Non-nano, Ecocert-certified titanium dioxide reflects UV without absorbing into the skin</li>
  <li>Hyaluronic acid attracts and holds moisture for a hydrated, plumped look</li>
  <li>Lightweight, non-greasy texture that does not clog pores</li>
  <li>Suitable for every skin type, including sensitive, oily and blemish-prone skin</li>
  <li>100% natural, hypoallergenic, dermatologically tested and cruelty-free</li>
  <li>Waterproof, with no synthetic fragrance, parabens or colourants</li>
</ul>

<h3>How to use</h3>
<p>Smooth a thin layer over the whole face, using roughly a pea-sized amount, and blend well. Reapply as needed, especially after swimming, towelling off or heavy perspiration, and ideally every two hours of sun exposure. Take care to avoid contact with fabrics.</p>

<h3>Ingredients</h3>
<p>Full ingredients: Aqua, Coco-Caprylate/Caprate, Titanium Dioxide (Ecocert certified natural mineral filter, non-nano), Caprylic/Capric Triglyceride, Polyhydroxystearic Acid, Stearic Acid, Alumina, Glycerin, Squalane, Polyglyceryl-3 Polyricinoleate, Euphorbia Cerifera Cera, Cinnamomum Cassia Extract, Triethyl Citrate, Glyceryl Caprylate, Magnesium Sulfate, Simmondsia Chinensis (Jojoba) Seed Oil, Calophyllum Inophyllum Seed Oil, Sodium Hyaluronate, Tocopherol, Parfum, Limonene, Linalool, Benzyl Salicylate.</p>
<ul>
  <li><strong>Titanium dioxide (non-nano, Ecocert certified):</strong> a natural mineral filter that reflects UVA and UVB rays at the skin surface instead of absorbing them.</li>
  <li><strong>Hyaluronic acid (Sodium Hyaluronate):</strong> hydrates intensely by drawing in and holding water within the skin.</li>
  <li><strong>Tamanu oil (Calophyllum Inophyllum Seed Oil):</strong> hydrates deeply and helps the skin look cared for, thanks to its antioxidant qualities.</li>
  <li><strong>Cinnamon extract (Cinnamomum Cassia Extract):</strong> brings soothing, comforting qualities to the formula.</li>
</ul>

<h3>Frequently asked questions</h3>
<p><strong>Does the face sunscreen leave a white cast?</strong><br>Because it is a mineral sunscreen with titanium dioxide as the filter, you may notice a light white sheen after applying. This is normal with mineral sunscreens. This face formula has a lighter texture than the body version, and applying a thin layer and blending well helps keep any cast to a minimum.</p>
<p><strong>Is it suitable for oily or blemish-prone skin?</strong><br>Yes. The face formula has a light texture and does not clog the pores, helped by the hyaluronic acid. It is also free from synthetic fragrance and other synthetic additives.</p>
<p><strong>Is the sunscreen water-resistant?</strong><br>Yes, the face sunscreen is waterproof. We recommend reapplying every two hours, and after swimming, towelling off or heavy perspiration.</p>
<p><strong>Can I wear it under make-up?</strong><br>Yes. Its lightweight, non-greasy finish makes it easy to wear as the last step of your skincare and under make-up. For any ongoing skin concern, check with your GP or pharmacist.</p>

<p>Part of our <a href=""/collections/sun-care-1"">natural sun care range</a>. For more on gentle everyday skincare, read our <a href=""/blogs/news/natural-baby-pregnancy-skincare-a-uk-parents-guide"">guide to natural baby and pregnancy skincare</a>.</p>"
incia-natural-sunscreen-lotion-for-all-family,"<p>The INCIA Natural Sunscreen Lotion for All Family is a mineral SPF 50+ sunscreen the whole household can share, from babies to grown-ups. It uses non-nano, Ecocert-certified titanium dioxide as its mineral UV filter, which sits on the surface of the skin and reflects UVA and UVB rays rather than being absorbed the way chemical filters are.</p>
<p>The lightweight lotion is 100% natural, hypoallergenic and dermatologically tested, and it is nourished with cold-pressed plant oils that help care for the skin as you wear it. Free from synthetic fragrance, parabens and mineral oils, it suits every skin type from sensitive and eczema-prone to oily, and it is waterproof for time in and out of the water.</p>

<h3>Key benefits</h3>
<ul>
  <li>SPF 50+ broad-spectrum mineral protection against UVA and UVB</li>
  <li>Non-nano, Ecocert-certified titanium dioxide reflects UV rays at the skin surface</li>
  <li>Suitable for the whole family, including babies</li>
  <li>Gentle enough for sensitive, reactive and eczema-prone skin</li>
  <li>Nourishing and protective, thanks to cold-pressed plant oils</li>
  <li>100% natural, hypoallergenic, dermatologically tested and vegan</li>
  <li>Waterproof, with no chemical UV filters, parabens or mineral oils</li>
</ul>

<h3>How to use</h3>
<p>Pump a small amount of sunscreen into your palm and smooth a thin, even layer over the whole body, using roughly a teaspoon per body part. Spread it well. Reapply every two to three hours for continued protection, and always after swimming, towelling off or heavy perspiration. As with any mineral sunscreen, take care to avoid contact with fabrics.</p>

<h3>Ingredients</h3>
<p>Full ingredients: Aqua, Coco-Caprylate/Caprate, Titanium Dioxide (Ecocert certified natural mineral filter, non-nano), Caprylic/Capric Triglyceride, Stearic Acid, Alumina, Glycerin, Squalane, Polyglyceryl-3 Polyricinoleate, Euphorbia Cerifera (Candelilla) Cera, Cinnamomum Cassia Extract, Magnesium Sulfate, Galactoarabinan, Sesamum Indicum (Sesame) Seed Oil, Calophyllum Inophyllum (Tamanu) Seed Oil, Tocopherol, Parfum (natural fragrance), Limonene, Linalool.</p>
<ul>
  <li><strong>Titanium dioxide (non-nano, Ecocert certified):</strong> a natural mineral filter that reflects UVA and UVB rays at the skin surface instead of absorbing them.</li>
  <li><strong>Squalane:</strong> a hydrating ingredient that keeps the skin feeling soft and supple.</li>
  <li><strong>Tamanu oil (Calophyllum Inophyllum Seed Oil):</strong> hydrates intensely and helps the skin look cared for.</li>
  <li><strong>Cinnamon extract (Cinnamomum Cassia Extract):</strong> helps protect the skin thanks to its antioxidant qualities.</li>
</ul>

<h3>Frequently asked questions</h3>
<p><strong>Is the sunscreen suitable for babies, children and adults?</strong><br>Yes. It is made for the whole family, from babies to adults. The formula is hypoallergenic and free from synthetic additives. For very young or very sensitive skin, we always suggest a patch test first.</p>
<p><strong>Does it leave a white cast?</strong><br>Because it is a mineral sunscreen with titanium dioxide as the filter, you may notice a light white sheen after applying. This is completely normal with mineral sunscreens. Applying a thin layer and spreading it well helps keep it to a minimum.</p>
<p><strong>Is it water-resistant?</strong><br>Yes, it is waterproof. For best results, reapply every two to three hours, and after swimming, towelling off or heavy perspiration.</p>
<p><strong>Is it suitable for sensitive skin?</strong><br>Yes. It is hypoallergenic, dermatologically tested and free from synthetic fragrance. If your skin is very sensitive, patch test on a small area first, and speak to your GP or pharmacist about any ongoing concern.</p>

<p>Part of our <a href=""/collections/sun-care-1"">natural sun care range</a>. Planning family days outdoors? Read our <a href=""/blogs/news/natural-baby-pregnancy-skincare-a-uk-parents-guide"">guide to natural baby and pregnancy skincare</a>.</p>"
incia-natural-toothpaste,"<p>The INCIA Natural Toothpaste is a 100% natural, fluoride-free toothpaste with a soft, natural fruit flavour that babies and children love, and that works for the whole family too. Good oral care matters from the very start, so this is a lovely way to build a gentle brushing routine from the moment those first milk teeth appear.</p>
<p>The formula is free from SLS and SLES, so there are no harsh foaming agents, and it uses cinnamon bark extract as a natural preservative instead of synthetic ones. Xylitol helps look after little teeth, while plant-derived coconut soap and gentle hydrated silica clean effectively without being harsh. Plant-based, vegan and cruelty-free, in recyclable packaging.</p>

<h3>Key benefits</h3>
<ul>
  <li>Fluoride-free, with a soft natural fruit flavour for babies and children</li>
  <li>Suitable from the first milk teeth, and gentle enough for the whole family</li>
  <li>Xylitol, a natural sweetener that helps look after teeth</li>
  <li>Free from SLS and SLES, so no harsh foaming agents</li>
  <li>Cinnamon bark extract as a natural preservative, with no synthetic preservatives</li>
  <li>Plant-based, vegan and cruelty-free, in recyclable packaging</li>
</ul>

<h3>How to use</h3>
<p>Apply a pea-sized amount of toothpaste to a toothbrush and brush the teeth gently in small circular movements. For the smallest babies, an amount the size of a grain of rice is plenty. As with any toothpaste, supervise young children while they brush. For any concern about your child's teeth or gums, speak to your dentist.</p>

<h3>Ingredients</h3>
<p>Full ingredients: Sorbitol, Hydrated Silica, Aqua, Glycerin, Xylitol, Potassium Cocoate, Calcium Carbonate, Xanthan Gum, Aroma, Triethyl Citrate, Cinnamomum Zeylanicum Bark Extract, Glyceryl Caprylate, Stevia Rebaudiana Leaf Extract, Sodium Hydroxide.</p>
<ul>
  <li><strong>Xylitol:</strong> a natural sweetener that helps look after teeth by discouraging the growth of unwanted bacteria.</li>
  <li><strong>Hydrated silica:</strong> a gentle polishing agent that helps lift plaque and surface stains from the teeth.</li>
  <li><strong>Calcium carbonate:</strong> a mild cleansing agent that helps keep teeth clean.</li>
  <li><strong>Cinnamon bark extract (Cinnamomum Zeylanicum Bark Extract):</strong> used as a natural preservative in place of synthetic ones.</li>
</ul>

<h3>Frequently asked questions</h3>
<p><strong>From what age can babies and children use this toothpaste?</strong><br>It is suitable from the moment the first milk teeth come through, and it works for the whole family too. As always, supervise young children while they brush.</p>
<p><strong>Is it safe if a baby or child swallows a little?</strong><br>The formula contains no synthetic preservatives, using cinnamon bark extract as a natural preservative instead, and it is free from SLS and SLES. Use a small amount, a grain of rice for babies or a pea-sized amount for children, and supervise brushing. For specific advice, speak to your dentist.</p>
<p><strong>How much should I use each time?</strong><br>Apply a pea-sized amount to the toothbrush for children, or an amount the size of a grain of rice for the smallest babies.</p>
<p><strong>Is it really fluoride-free?</strong><br>Yes. This is a fluoride-free formula. If you would like tailored advice on fluoride for your family, your dentist is the best person to ask.</p>

<p>Part of our <a href=""/collections/personal-care-1"">natural personal care range</a>. For more on gentle, natural everyday care for little ones, read our <a href=""/blogs/news/natural-baby-pregnancy-skincare-a-uk-parents-guide"">guide to natural baby and pregnancy skincare</a>.</p>"
incia-nipple-cream,"<p>Dry, sensitive or sore nipples are a very common part of pregnancy and breastfeeding. The skin here is delicate, and it can quickly dry out or become chapped during feeding. The INCIA Nipple Cream is a completely water-free balm built on olive oil, beeswax and calendula oil, made to keep this delicate skin soft and comfortable while helping to guard against moisture loss.</p>
<p>It glides on smoothly and forms a gentle protective layer that helps lock in moisture. The balm is lanolin-free, free from synthetic additives, COSMOS Natural certified, hypoallergenic and dermatologically tested, and it is safe for both mother and baby during breastfeeding, so there is no need to wipe it off before every feed.</p>

<h3>Key benefits</h3>
<ul>
  <li>Protects the delicate nipple skin during pregnancy and breastfeeding</li>
  <li>Helps guard against moisture loss and keeps skin soft</li>
  <li>Completely lanolin-free, unlike many nipple balms</li>
  <li>Safe for mother and baby during breastfeeding, with no need to wipe off before feeds</li>
  <li>100% natural, COSMOS Natural certified, hypoallergenic and dermatologically tested</li>
  <li>Nourishing olive oil, beeswax, shea butter and calendula, with no synthetic additives</li>
</ul>

<h3>How to use</h3>
<p>Apply a small amount to clean, dry nipples and the surrounding skin. Use after every feed, or more often as needed. If you prefer, any excess can be gently wiped away before feeding, though there is no need to. For persistent soreness or any concern while breastfeeding, check with your GP, pharmacist, midwife or health visitor.</p>

<h3>Ingredients</h3>
<p>Full ingredients: Olea Europaea Fruit Oil, Cera Alba, Soybean Glycerides, Butyrospermum Parkii Butter Unsaponifiables, Calendula Officinalis Flower Oil, Tocopherol.</p>
<ul>
  <li><strong>Olive oil (Olea Europaea Fruit Oil):</strong> softens and nourishes delicate skin, helping it stay supple.</li>
  <li><strong>Beeswax (Cera Alba):</strong> forms a gentle protective barrier that helps lock in moisture.</li>
  <li><strong>Shea butter (Butyrospermum Parkii Butter Unsaponifiables):</strong> nourishing and comforting, helping to care for chapped skin.</li>
  <li><strong>Calendula oil (Calendula Officinalis Flower Oil):</strong> long valued for its soothing, comforting feel on irritated skin.</li>
</ul>

<h3>Frequently asked questions</h3>
<p><strong>Is it safe to use during breastfeeding?</strong><br>Yes. The balm is made with 100% natural ingredients, is lanolin-free and is safe for both mother and baby during breastfeeding, so there is no need to wipe it off before feeds. For any ongoing concern, check with your GP, midwife or health visitor.</p>
<p><strong>Do I need to wipe it off before feeding?</strong><br>No. It is safe to leave on for feeds. If you prefer, you can gently wipe away any excess beforehand, but it is not necessary.</p>
<p><strong>Does it contain lanolin?</strong><br>No. This balm is completely lanolin-free, which many parents prefer, and it is free from synthetic additives.</p>
<p><strong>Can I use it on other dry, chapped areas?</strong><br>Yes. Its nourishing, protective formula also suits other patches of dry or chapped skin, such as lips, cuticles and rough spots. For a persistent skin concern, see your GP or pharmacist.</p>

<p>Part of our <a href=""/collections/mom-baby-care"">natural mum and baby care range</a>. For more on gentle skincare through pregnancy and beyond, read our <a href=""/blogs/news/natural-baby-pregnancy-skincare-a-uk-parents-guide"">guide to natural baby and pregnancy skincare</a>.</p>"
incia-preventive-and-natural-diaper-rash-gel,"<p>The INCIA Preventive and Natural Nappy Rash Gel is made for the softest little bottoms. It is packed with natural, nourishing ingredients that work together to protect against nappy rash while supporting the skin's own ability to recover, all with a lovely natural scent that comes purely from its plant oils.</p>
<p>It is a gentle, do-it-all baby balm. As well as helping with the redness and irritation of nappy rash, it doubles as a handy first-aid gel for the little scrapes and bumps that come with learning to crawl and walk, thanks to St John's Wort oil. Hypoallergenic and dermatologically tested, it is made with 100% natural ingredients and suits even the most delicate baby skin.</p>

<h3>Key benefits</h3>
<ul>
  <li>Helps soothe and prevent the redness and irritation of nappy rash</li>
  <li>Soothing and caring, with shea butter and beeswax</li>
  <li>Doubles as a bumps-and-scrapes gel, thanks to St John's Wort oil</li>
  <li>Centella asiatica (Asiaticoside, Madecassic Acid, Asiatic Acid) supports the skin barrier</li>
  <li>Hypoallergenic and dermatologically tested</li>
  <li>Made with 100% natural ingredients, with no alcohol or synthetic fragrance</li>
</ul>

<h3>How to use</h3>
<p>At each nappy change, apply a small amount of the gel to clean, dry skin. A thin layer already brings plenty of comfort, and it absorbs well. Regular use helps prevent nappy rash, eases redness and nourishes the skin. For severe or persistent rash or eczema, always speak to your GP, health visitor or a dermatologist.</p>

<h3>Ingredients</h3>
<p>Full ingredients: Olea Europaea (Olive) Fruit Oil, Cera Alba (Beeswax), Glycine Soja (Soybean) Glycerides, Butyrospermum Parkii (Shea) Butter, Calendula Officinalis Flower Oil, Hypericum Perforatum (St. John's Wort) Oil, Hippophae Rhamnoides (Sea Buckthorn) Oil, Cocos Nucifera (Coconut) Oil, Sesamum Indicum (Sesame) Seed Oil, Simmondsia Chinensis (Jojoba) Seed Oil, Asiaticoside, Madecassic Acid, Asiatic Acid, Tocopherol (Vitamin E), Parfum, Linalool, Limonene, Geraniol.</p>
<ul>
  <li><strong>Beeswax (Cera Alba):</strong> comforting and protective, helping to calm skin that looks irritated or red.</li>
  <li><strong>Shea butter (Butyrospermum Parkii Butter):</strong> softening and nourishing for delicate skin.</li>
  <li><strong>Calendula oil (Calendula Officinalis Flower Oil):</strong> long valued for its soothing, comforting qualities.</li>
  <li><strong>Centella asiatica (Asiaticoside, Madecassic Acid, Asiatic Acid):</strong> naturally derived actives that help support the skin barrier.</li>
</ul>

<h3>Frequently asked questions</h3>
<p><strong>Does the gel contain fragrance or alcohol?</strong><br>No. The gel contains no alcohol and no synthetic fragrance or preservatives. Every ingredient is of natural origin, and the pleasant scent comes purely from the plant oils in the formula, such as calendula, St John's Wort and jojoba. It is formulated to be hypoallergenic, so it suits even the most delicate baby skin.</p>
<p><strong>Is it safe for babies with eczema or sensitive skin?</strong><br>Yes. The gel is hypoallergenic and developed especially for delicate baby skin. The natural oils and shea butter help support the skin's ability to recover and soothe it where needed, and it is suitable for the very youngest. For severe or persistent eczema, we always recommend seeing your GP or a dermatologist.</p>
<p><strong>Does it help with existing nappy rash, or is it only preventive?</strong><br>Both. The gel helps protect and care for the skin whether you are heading off nappy rash or easing existing irritation. Applied regularly, it also helps prevent it coming back.</p>
<p><strong>How often can I use it?</strong><br>You can apply a thin layer at each nappy change. For an ongoing concern, check with your GP or health visitor.</p>

<p>Part of our <a href=""/collections/mom-baby-care"">natural mum and baby care range</a>. For more on gentle, natural baby care, read our <a href=""/blogs/news/natural-baby-pregnancy-skincare-a-uk-parents-guide"">guide to natural baby and pregnancy skincare</a>.</p>"
incia-sos-stick,"<p>The INCIA SOS Stick is a compact rescue balm for dry, rough or stressed skin, the one you keep in your bag for whenever skin needs a little help. It is made with eight cold-pressed plant oils, including sea buckthorn oil and shea butter, brought together into a solid balm that is 100% naturally made, with no synthetic ingredients, no fragrance and no fuss.</p>
<p>Sea buckthorn and St John's Wort quickly comfort skin, while shea butter and clary sage help lock in moisture. It supports the skin's natural barrier, so dry, flaky patches feel calmer and better looked after. Reach for it on rough elbows and knees, chapped cheeks, insect bites, minor scrapes and after time in the sun.</p>

<h3>Key benefits</h3>
<ul>
  <li>Eight cold-pressed plant oils in one compact stick</li>
  <li>Comforts and soothes dry, irritated or sun-exposed skin</li>
  <li>Supports the skin's natural moisture barrier</li>
  <li>Fragrance-free and 100% natural, kind to sensitive skin</li>
  <li>Pocket-sized, easy to carry, mess-free to apply</li>
</ul>

<h3>How to use</h3>
<p>Glide the SOS Stick over the area that needs it and, if you like, massage the balm in. Use it as often as you want, on face and body. For a baby or very sensitive skin, patch test first.</p>

<h3>Ingredients</h3>
<p>Full ingredients: Olea Europaea Fruit Oil, Cera Alba, Butyrospermum Parkii Butter, Hypericum Perforatum Oil, Calendula Officinalis Flower Oil, Salvia Sclarea Oil, Hippophae Rhamnoides Oil, Oenothera Biennis Oil, Borago Officinalis Seed Oil, Asiaticoside, Madecassic Acid, Asiatic Acid, Glyceryl Behenate, Tocopherol.</p>
<ul>
  <li><strong>Sea buckthorn oil:</strong> rich in Omega-7, helps skin hold onto moisture and look after dry patches.</li>
  <li><strong>Shea butter:</strong> deeply nourishing, seals in moisture, brings vitamins A and E.</li>
  <li><strong>St John's Wort oil:</strong> long valued for its calming feel on stressed, irritated skin.</li>
</ul>

<h3>Frequently asked questions</h3>
<p><strong>Can I use it every day on sensitive areas?</strong><br>Yes. Use it as often as you like, on face and body. The formula is 100% natural, fragrance-free and free from synthetic ingredients, so it suits sensitive skin. For a persistent concern, check with your GP or pharmacist.</p>
<p><strong>Are sea buckthorn and shea butter ok for very sensitive skin?</strong><br>Both are mild and nourishing. No synthetic ingredients, fragrance or preservatives, so it works even for sensitive skin. For a serious skin condition, speak to your GP.</p>
<p><strong>Does it help with redness or small dry patches?</strong><br>It supports the skin's natural barrier, so dry or rough patches feel calmer. Handy for insect bites, scrapes and sun-exposed skin too. For ongoing concerns, see your GP or a dermatologist.</p>
<p><strong>Is it fragrance-free?</strong><br>Completely. No synthetic fragrance, nothing added; every ingredient is 100% naturally derived.</p>

<p>Part of our <a href=""/collections/mom-baby-care"">natural mum and baby care range</a>. For more on gentle everyday skincare, read our <a href=""/blogs/news/natural-baby-pregnancy-skincare-a-uk-parents-guide"">guide to natural baby and pregnancy skincare</a>.</p>"
incia-stretch-mark-gel-cream-75ml,"<p>Many of us have stretch marks. They appear as fine streaks on the skin when the connective tissue beneath is stretched, which is why they are so common during pregnancy. The INCIA Stretch Mark Gel Cream was developed by INCIA especially for use through pregnancy, to help keep skin nourished, supple and cared for as it changes.</p>
<p>This rich, 100% natural cream deeply hydrates and helps reduce moisture loss, so skin stays soft and comfortable. It is designed to help prevent the appearance of stretch marks and to support the skin's suppleness, and it can be used throughout pregnancy and for up to three months afterwards to support recovery. Whether you are pregnant, going through weight changes or simply looking after dry skin, it delivers intensive nourishment.</p>

<h3>Key benefits</h3>
<ul>
  <li>Helps prevent the appearance of stretch marks (striae)</li>
  <li>Deeply hydrates and helps reduce moisture loss</li>
  <li>Supports the skin's suppleness and elasticity as it stretches</li>
  <li>Rich in shea butter, sweet almond and avocado oils for a natural, nourished feel</li>
  <li>Safe to use during pregnancy and for up to three months afterwards</li>
  <li>Made with 100% natural ingredients, with no synthetic fragrances or colourants</li>
</ul>

<h3>How to use</h3>
<p>Massage the cream into the skin throughout pregnancy to help head off the development of stretch marks, focusing on the tummy, hips, thighs, bottom and bust. Daily use through pregnancy gives the best preventive results, and the cream may also be used for up to three months after birth to support the skin as it recovers. If you have any questions about use during pregnancy, check with your GP, pharmacist or midwife.</p>

<h3>Ingredients</h3>
<p>Full ingredients: Olea Europaea (Olive) Oil, Cera Alba, Glycine Soja (Soybean) Glycerides, Butyrospermum Parkii (Shea) Butter Unsaponifiables, Prunus Amygdalus Dulcis (Sweet Almond) Oil, Calendula Officinalis Flower Oil, Hypericum Perforatum Oil, Linum Usitatissimum (Linseed) Seed Oil, Prunus Amygdalus Amara (Bitter Almond) Kernel Oil, Persea Gratissima (Avocado) Oil, Asiaticoside, Madecassic Acid, Asiatic Acid, Tocopherol, Centella Asiatica Extract.</p>
<ul>
  <li><strong>Shea butter (Butyrospermum Parkii Butter Unsaponifiables):</strong> deeply nourishing, helps support suppleness and aids the look of recovering skin.</li>
  <li><strong>Olive oil (Olea Europaea Oil):</strong> softens, hydrates and nourishes with its antioxidants and healthy fatty acids.</li>
  <li><strong>Sweet almond and avocado oils:</strong> rich, caring plant oils that leave skin feeling soft and looking naturally nourished.</li>
  <li><strong>Centella asiatica (Asiaticoside, Madecassic Acid, Asiatic Acid):</strong> naturally derived actives that help support the skin barrier.</li>
</ul>

<h3>Frequently asked questions</h3>
<p><strong>Is the cream safe during pregnancy and breastfeeding?</strong><br>Yes. The cream was developed especially for use during pregnancy and is suitable from the third month onwards, and for up to three months after birth. If you are ever unsure, check with your GP, pharmacist or midwife.</p>
<p><strong>Does it reduce existing stretch marks, or is it mainly preventive?</strong><br>Both. Its main role is preventive, keeping skin hydrated and supple, but it also helps support the look of existing stretch marks thanks to its naturally derived actives. Results with existing marks vary from person to person.</p>
<p><strong>Is it suitable for sensitive skin or eczema?</strong><br>It is made with 100% natural ingredients and no synthetic additives, though it does contain soy-derived ingredients. If your skin is sensitive or prone to eczema, patch test on a small area first, and speak to a GP or dermatologist if you have concerns.</p>
<p><strong>How long until I see results with regular use?</strong><br>For the best preventive results, apply daily throughout pregnancy. With existing stretch marks, the visible improvement varies from person to person, depending on skin structure and how established the marks are.</p>

<p>Part of our <a href=""/collections/mom-baby-care"">natural mum and baby care range</a>. For more on gentle skincare through pregnancy, read our <a href=""/blogs/news/natural-baby-pregnancy-skincare-a-uk-parents-guide"">guide to natural baby and pregnancy skincare</a>.</p>"
